escola_slug,escola_nome,ano,estado,grupo,posicao,pontos,resultado
academicos-de-niteroi,Acadêmicos de Niterói,2023,RJ,Série Ouro,5,269.2,5º Lugar
academicos-de-niteroi,Acadêmicos de Niterói,2024,RJ,Série Ouro,8,269.2,8º Lugar
academicos-de-niteroi,Acadêmicos de Niterói,2025,RJ,Série Ouro,1,269.5,Campeã
academicos-de-niteroi,Acadêmicos de Niterói,2026,RJ,Grupo Especial,12,264.6,12º Lugar
academicos-de-vigario-geral,Acadêmicos de Vigário Geral,1992,RJ,Desfile de Avaliação,1,117,Campeã
academicos-de-vigario-geral,Acadêmicos de Vigário Geral,1993,RJ,Grupo 3,2,205,2º Lugar
academicos-de-vigario-geral,Acadêmicos de Vigário Geral,1994,RJ,Grupo 2,12,144,12º Lugar
academicos-de-vigario-geral,Acadêmicos de Vigário Geral,1995,RJ,Grupo B,2,,2º Lugar
academicos-de-vigario-geral,Acadêmicos de Vigário Geral,1996,RJ,Grupo B,8,251.5,8º Lugar
academicos-de-vigario-geral,Acadêmicos de Vigário Geral,1997,RJ,Grupo B,6,167,6º Lugar
academicos-de-vigario-geral,Acadêmicos de Vigário Geral,1998,RJ,Grupo B,10,149,10º Lugar
academicos-de-vigario-geral,Acadêmicos de Vigário Geral,1999,RJ,Grupo B,11,141,11º Lugar
academicos-de-vigario-geral,Acadêmicos de Vigário Geral,2000,RJ,Grupo C,12,170.5,12º Lugar
academicos-de-vigario-geral,Acadêmicos de Vigário Geral,2001,RJ,Grupo D,10,190,10º Lugar
academicos-de-vigario-geral,Acadêmicos de Vigário Geral,2002,RJ,Grupo D,3,195,3º Lugar
academicos-de-vigario-geral,Acadêmicos de Vigário Geral,2003,RJ,Grupo D,5,176.8,5º Lugar
academicos-de-vigario-geral,Acadêmicos de Vigário Geral,2004,RJ,Grupo D,10,169.5,10º Lugar
academicos-de-vigario-geral,Acadêmicos de Vigário Geral,2005,RJ,Grupo D,3,177.6,3º Lugar
academicos-de-vigario-geral,Acadêmicos de Vigário Geral,2006,RJ,Grupo C,7,151.8,7º Lugar
academicos-de-vigario-geral,Acadêmicos de Vigário Geral,2007,RJ,Grupo C,11,148.6,11º Lugar
academicos-de-vigario-geral,Acadêmicos de Vigário Geral,2008,RJ,Grupo C,11,152,11º Lugar
academicos-de-vigario-geral,Acadêmicos de Vigário Geral,2009,RJ,Grupo Rio de Janeiro 2,14,150.7,14º Lugar
academicos-de-vigario-geral,Acadêmicos de Vigário Geral,2010,RJ,Grupo Rio de Janeiro 3,11,174.2,11º Lugar
academicos-de-vigario-geral,Acadêmicos de Vigário Geral,2011,RJ,Grupo D,5,298.5,5º Lugar
academicos-de-vigario-geral,Acadêmicos de Vigário Geral,2012,RJ,Grupo D,3,299.1,3º Lugar
academicos-de-vigario-geral,Acadêmicos de Vigário Geral,2013,RJ,Grupo C,8,296.5,8º Lugar
academicos-de-vigario-geral,Acadêmicos de Vigário Geral,2014,RJ,Grupo D,8,298.3,8º Lugar
academicos-de-vigario-geral,Acadêmicos de Vigário Geral,2015,RJ,Série D,7,296.3,7º Lugar
academicos-de-vigario-geral,Acadêmicos de Vigário Geral,2016,RJ,Série D,2,269.1,2º Lugar
academicos-de-vigario-geral,Acadêmicos de Vigário Geral,2017,RJ,Série C,3,269.2,3º Lugar
academicos-de-vigario-geral,Acadêmicos de Vigário Geral,2018,RJ,Série B,9,268.5,9º Lugar
academicos-de-vigario-geral,Acadêmicos de Vigário Geral,2019,RJ,Série B,1,269.4,Campeã
academicos-de-vigario-geral,Acadêmicos de Vigário Geral,2020,RJ,Série A,11,266.8,11º Lugar
academicos-de-vigario-geral,Acadêmicos de Vigário Geral,2022,RJ,Série Ouro,10,268.9,10º Lugar
academicos-de-vigario-geral,Acadêmicos de Vigário Geral,2023,RJ,Série Ouro,10,268.7,10º Lugar
academicos-de-vigario-geral,Acadêmicos de Vigário Geral,2024,RJ,Série Ouro,9,269,9º Lugar
academicos-de-vigario-geral,Acadêmicos de Vigário Geral,2025,RJ,Série Ouro,6,268.6,6º Lugar
academicos-de-vigario-geral,Acadêmicos de Vigário Geral,2026,RJ,Série Ouro,8,268.3,8º Lugar
academicos-do-tatuape,Acadêmicos do Tatuapé,1969,SP,Grupo 1,3,64.0,3º Lugar
academicos-do-tatuape,Acadêmicos do Tatuapé,1970,SP,Grupo 1,3,84.0,3º Lugar
academicos-do-tatuape,Acadêmicos do Tatuapé,1971,SP,Grupo 1,5,67.0,5º Lugar
academicos-do-tatuape,Acadêmicos do Tatuapé,1972,SP,Grupo 1,7,76.0,7º Lugar
academicos-do-tatuape,Acadêmicos do Tatuapé,1973,SP,Grupo 1,8,64.0,8º Lugar
academicos-do-tatuape,Acadêmicos do Tatuapé,1974,SP,Grupo 1,9,23.0,9º Lugar
academicos-do-tatuape,Acadêmicos do Tatuapé,1975,SP,Grupo 2,7,31.0,7º Lugar
academicos-do-tatuape,Acadêmicos do Tatuapé,1976,SP,Grupo 2,4,80,4º Lugar
academicos-do-tatuape,Acadêmicos do Tatuapé,1977,SP,Grupo 1,12,20.0,12º Lugar
academicos-do-tatuape,Acadêmicos do Tatuapé,1978,SP,Grupo 2,7,62.0,7º Lugar
academicos-do-tatuape,Acadêmicos do Tatuapé,1979,SP,Grupo 2,9,63.0,9º Lugar
academicos-do-tatuape,Acadêmicos do Tatuapé,1980,SP,Grupo 2,12,,12º Lugar
academicos-do-tatuape,Acadêmicos do Tatuapé,1981,SP,Grupo 3,10,59.0,10º Lugar
academicos-do-tatuape,Acadêmicos do Tatuapé,1982,SP,Grupo 4,5,68.00,5º Lugar
academicos-do-tatuape,Acadêmicos do Tatuapé,1983,SP,Grupo 4,10,59.00,10º Lugar
academicos-do-tatuape,Acadêmicos do Tatuapé,1985,SP,Vaga aberta,1,93,Campeã
academicos-do-tatuape,Acadêmicos do Tatuapé,1986,SP,Grupo 4,9,68.00,9º Lugar
academicos-do-tatuape,Acadêmicos do Tatuapé,1993,SP,Grupo 4,1,92.00,Campeã
academicos-do-tatuape,Acadêmicos do Tatuapé,1994,SP,Grupo 3,2,97.00,2º Lugar
academicos-do-tatuape,Acadêmicos do Tatuapé,1995,SP,Grupo 2,9,256.00,9º Lugar
academicos-do-tatuape,Acadêmicos do Tatuapé,1996,SP,Grupo 3,1,196.00,Campeã
academicos-do-tatuape,Acadêmicos do Tatuapé,1997,SP,Grupo 2,6,280.00,6º Lugar
academicos-do-tatuape,Acadêmicos do Tatuapé,1998,SP,Grupo 1A,7,193.50,7º Lugar
academicos-do-tatuape,Acadêmicos do Tatuapé,1999,SP,Grupo 1A,8,279.00,8º Lugar
academicos-do-tatuape,Acadêmicos do Tatuapé,2000,SP,Grupo 1A,5,200.50,5º Lugar
academicos-do-tatuape,Acadêmicos do Tatuapé,2001,SP,Grupo 1A,2,295.5,2º Lugar
academicos-do-tatuape,Acadêmicos do Tatuapé,2002,SP,Grupo de Acesso,6,290.00,6º Lugar
academicos-do-tatuape,Acadêmicos do Tatuapé,2003,SP,Grupo de Acesso,1,200.00,Campeã
academicos-do-tatuape,Acadêmicos do Tatuapé,2004,SP,Grupo Especial,9,196.50,9º Lugar
academicos-do-tatuape,Acadêmicos do Tatuapé,2005,SP,Grupo Especial,13,286.00,13º Lugar
academicos-do-tatuape,Acadêmicos do Tatuapé,2006,SP,Grupo Especial,15,284.50,15º Lugar
academicos-do-tatuape,Acadêmicos do Tatuapé,2007,SP,Grupo de Acesso,6,286.75,6º Lugar
academicos-do-tatuape,Acadêmicos do Tatuapé,2008,SP,Grupo de Acesso,6,86.25,6º Lugar
academicos-do-tatuape,Acadêmicos do Tatuapé,2009,SP,Grupo de Acesso,8,329,8º Lugar
academicos-do-tatuape,Acadêmicos do Tatuapé,2010,SP,Grupo 1,1,270.25,Campeã
academicos-do-tatuape,Acadêmicos do Tatuapé,2011,SP,Grupo de Acesso,6,263.00,6º Lugar
academicos-do-tatuape,Acadêmicos do Tatuapé,2012,SP,Grupo de Acesso,2,179.3,2º Lugar
academicos-do-tatuape,Acadêmicos do Tatuapé,2013,SP,Grupo Especial,11,267.7,11º Lugar
academicos-do-tatuape,Acadêmicos do Tatuapé,2014,SP,Grupo Especial,6,268.9,6º Lugar
academicos-do-tatuape,Acadêmicos do Tatuapé,2015,SP,Grupo Especial,12,,12º Lugar
academicos-do-tatuape,Acadêmicos do Tatuapé,2016,SP,Grupo Especial,2,,2º Lugar
academicos-do-tatuape,Acadêmicos do Tatuapé,2017,SP,Grupo Especial,1,,Campeã
academicos-do-tatuape,Acadêmicos do Tatuapé,2018,SP,Grupo Especial,1,,Campeã
academicos-do-tatuape,Acadêmicos do Tatuapé,2019,SP,Grupo Especial,7,,7º Lugar
academicos-do-tatuape,Acadêmicos do Tatuapé,2020,SP,Grupo Especial,4,,4º Lugar
academicos-do-tatuape,Acadêmicos do Tatuapé,2022,SP,Grupo Especial,12,,12º Lugar
academicos-do-tatuape,Acadêmicos do Tatuapé,2023,SP,Grupo Especial,4,,4º Lugar
academicos-do-tatuape,Acadêmicos do Tatuapé,2024,SP,Grupo Especial,3,,3º Lugar
academicos-do-tatuape,Acadêmicos do Tatuapé,2025,SP,Grupo Especial,2,269.8,2º Lugar
academicos-do-tatuape,Acadêmicos do Tatuapé,2026,SP,Grupo Especial,4,269.5,4º Lugar
academicos-do-tucuruvi,Acadêmicos do Tucuruvi,1977,SP,Grupo 4,5,47.0,5º Lugar
academicos-do-tucuruvi,Acadêmicos do Tucuruvi,1978,SP,Grupo 4,1,78.0,Campeã
academicos-do-tucuruvi,Acadêmicos do Tucuruvi,1979,SP,Grupo 3,3,74.0,3º Lugar
academicos-do-tucuruvi,Acadêmicos do Tucuruvi,1980,SP,Grupo 3,1,90.0,Campeã
academicos-do-tucuruvi,Acadêmicos do Tucuruvi,1981,SP,Grupo 2,3,83.00,3º Lugar
academicos-do-tucuruvi,Acadêmicos do Tucuruvi,1982,SP,Grupo 2,3,89.00,3º Lugar
academicos-do-tucuruvi,Acadêmicos do Tucuruvi,1983,SP,Grupo 2,3,,3º Lugar
academicos-do-tucuruvi,Acadêmicos do Tucuruvi,1984,SP,Grupo 2,4,279.00,4º Lugar
academicos-do-tucuruvi,Acadêmicos do Tucuruvi,1985,SP,Grupo 2,4,172.00,4º Lugar
academicos-do-tucuruvi,Acadêmicos do Tucuruvi,1986,SP,Grupo 2,1,89.00,Campeã
academicos-do-tucuruvi,Acadêmicos do Tucuruvi,1987,SP,Grupo 1,9,226.00,9º Lugar
academicos-do-tucuruvi,Acadêmicos do Tucuruvi,1988,SP,Grupo Especial,8,168.00,8º Lugar
academicos-do-tucuruvi,Acadêmicos do Tucuruvi,1989,SP,Grupo Especial,9,227.00,9º Lugar
academicos-do-tucuruvi,Acadêmicos do Tucuruvi,1990,SP,Grupo 1,3,,3º Lugar
academicos-do-tucuruvi,Acadêmicos do Tucuruvi,1991,SP,Grupo 1,5,,5º Lugar
academicos-do-tucuruvi,Acadêmicos do Tucuruvi,1992,SP,Grupo 1,2,,2º Lugar
academicos-do-tucuruvi,Acadêmicos do Tucuruvi,1993,SP,Grupo Especial,7,92.00,7º Lugar
academicos-do-tucuruvi,Acadêmicos do Tucuruvi,1994,SP,Grupo Especial,12,240.00,12º Lugar
academicos-do-tucuruvi,Acadêmicos do Tucuruvi,1995,SP,Grupo 1,6,94.50,6º Lugar
academicos-do-tucuruvi,Acadêmicos do Tucuruvi,1996,SP,Grupo 1,4,277.50,4º Lugar
academicos-do-tucuruvi,Acadêmicos do Tucuruvi,1997,SP,Grupo 1,2,292.00,2º Lugar
academicos-do-tucuruvi,Acadêmicos do Tucuruvi,1998,SP,Grupo Especial,10,269.50,10º Lugar
academicos-do-tucuruvi,Acadêmicos do Tucuruvi,1999,SP,Grupo Especial,6,287.50,6º Lugar
academicos-do-tucuruvi,Acadêmicos do Tucuruvi,2000,SP,Grupo Especial,9,196.50,9º Lugar
academicos-do-tucuruvi,Acadêmicos do Tucuruvi,2001,SP,Grupo Especial,10,192.00,10º Lugar
academicos-do-tucuruvi,Acadêmicos do Tucuruvi,2002,SP,Grupo Especial,9,197.00,9º Lugar
academicos-do-tucuruvi,Acadêmicos do Tucuruvi,2003,SP,Grupo Especial,10,196.00,10º Lugar
academicos-do-tucuruvi,Acadêmicos do Tucuruvi,2004,SP,Grupo Especial,7,198.00,7º Lugar
academicos-do-tucuruvi,Acadêmicos do Tucuruvi,2005,SP,Grupo Especial,6,295.00,6º Lugar
academicos-do-tucuruvi,Acadêmicos do Tucuruvi,2006,SP,Grupo Especial,9,292.75,9º Lugar
academicos-do-tucuruvi,Acadêmicos do Tucuruvi,2007,SP,Grupo Especial,9,291.25,9º Lugar
academicos-do-tucuruvi,Acadêmicos do Tucuruvi,2008,SP,Grupo Especial,12,87.25,12º Lugar
academicos-do-tucuruvi,Acadêmicos do Tucuruvi,2009,SP,Grupo Especial,7,354.75,7º Lugar
academicos-do-tucuruvi,Acadêmicos do Tucuruvi,2010,SP,Grupo Especial,8,268.25,8º Lugar
academicos-do-tucuruvi,Acadêmicos do Tucuruvi,2011,SP,Grupo Especial,2,269.25,2º Lugar
academicos-do-tucuruvi,Acadêmicos do Tucuruvi,2012,SP,Grupo Especial,6,159.5,6º Lugar
academicos-do-tucuruvi,Acadêmicos do Tucuruvi,2013,SP,Grupo Especial,6,268.3,6º Lugar
academicos-do-tucuruvi,Acadêmicos do Tucuruvi,2014,SP,Grupo Especial,4,269.1,4º Lugar
academicos-do-tucuruvi,Acadêmicos do Tucuruvi,2015,SP,Grupo Especial,6,,6º Lugar
academicos-do-tucuruvi,Acadêmicos do Tucuruvi,2016,SP,Grupo Especial,10,,10º Lugar
academicos-do-tucuruvi,Acadêmicos do Tucuruvi,2017,SP,Grupo Especial,8,,8º Lugar
academicos-do-tucuruvi,Acadêmicos do Tucuruvi,2019,SP,Grupo Especial,13,,13º Lugar
academicos-do-tucuruvi,Acadêmicos do Tucuruvi,2020,SP,Grupo de Acesso 1,2,,2º Lugar
academicos-do-tucuruvi,Acadêmicos do Tucuruvi,2022,SP,Grupo Especial,11,,11º Lugar
academicos-do-tucuruvi,Acadêmicos do Tucuruvi,2023,SP,Grupo Especial,11,,11º Lugar
academicos-do-tucuruvi,Acadêmicos do Tucuruvi,2024,SP,Grupo Especial,7,,7º Lugar
academicos-do-tucuruvi,Acadêmicos do Tucuruvi,2025,SP,Grupo Especial,13,269.0,13º Lugar
academicos-do-tucuruvi,Acadêmicos do Tucuruvi,2026,SP,Grupo de Acesso 1,1,,Campeã
aguia-de-ouro,Águia de Ouro,1977,SP,Grupo 4,2,79.0,2º Lugar
aguia-de-ouro,Águia de Ouro,1978,SP,Grupo 3,8,61.0,8º Lugar
aguia-de-ouro,Águia de Ouro,1979,SP,Grupo 3,2,75.0,2º Lugar
aguia-de-ouro,Águia de Ouro,1980,SP,Grupo 2,7,69.0,7º Lugar
aguia-de-ouro,Águia de Ouro,1981,SP,Grupo 2,7,72.00,7º Lugar
aguia-de-ouro,Águia de Ouro,1982,SP,Grupo 2,5,86.00,5º Lugar
aguia-de-ouro,Águia de Ouro,1983,SP,Grupo 2,2,,2º Lugar
aguia-de-ouro,Águia de Ouro,1984,SP,Grupo 1,10,162.00,10º Lugar
aguia-de-ouro,Águia de Ouro,1985,SP,Grupo 2,3,183.00,3º Lugar
aguia-de-ouro,Águia de Ouro,1986,SP,Grupo 2,2,83.00,2º Lugar
aguia-de-ouro,Águia de Ouro,1987,SP,Grupo 1,10,216.00,10º Lugar
aguia-de-ouro,Águia de Ouro,1988,SP,Grupo Especial,10,167.00,10º Lugar
aguia-de-ouro,Águia de Ouro,1989,SP,Grupo 1,4,185.00,4º Lugar
aguia-de-ouro,Águia de Ouro,1990,SP,Grupo 1,2,,2º Lugar
aguia-de-ouro,Águia de Ouro,1991,SP,Grupo Especial,9,229.00,9º Lugar
aguia-de-ouro,Águia de Ouro,1992,SP,Grupo 1,3,,3º Lugar
aguia-de-ouro,Águia de Ouro,1993,SP,Grupo 1,5,,5º Lugar
aguia-de-ouro,Águia de Ouro,1994,SP,Grupo 1,6,,6º Lugar
aguia-de-ouro,Águia de Ouro,1995,SP,Grupo 1,4,96.00,4º Lugar
aguia-de-ouro,Águia de Ouro,1996,SP,Grupo 1,2,290.50,2º Lugar
aguia-de-ouro,Águia de Ouro,1997,SP,Grupo Especial,10,277.50,10º Lugar
aguia-de-ouro,Águia de Ouro,1998,SP,Grupo 1,1,293.00,Campeã
aguia-de-ouro,Águia de Ouro,1999,SP,Grupo Especial,11,277.50,11º Lugar
aguia-de-ouro,Águia de Ouro,2000,SP,Grupo Especial,10,195.00,10º Lugar
aguia-de-ouro,Águia de Ouro,2001,SP,Grupo Especial,7,196.50,7º Lugar
aguia-de-ouro,Águia de Ouro,2002,SP,Grupo Especial,7,198.00,7º Lugar
aguia-de-ouro,Águia de Ouro,2003,SP,Grupo Especial,12,195.00,12º Lugar
aguia-de-ouro,Águia de Ouro,2004,SP,Grupo Especial,8,197.50,8º Lugar
aguia-de-ouro,Águia de Ouro,2005,SP,Grupo Especial,10,290.00,10º Lugar
aguia-de-ouro,Águia de Ouro,2006,SP,Grupo Especial,8,294.00,8º Lugar
aguia-de-ouro,Águia de Ouro,2007,SP,Grupo Especial,4,297.00,4º Lugar
aguia-de-ouro,Águia de Ouro,2008,SP,Grupo Especial,13,87.00,13º Lugar
aguia-de-ouro,Águia de Ouro,2009,SP,Grupo de Acesso,1,358.5,Campeã
aguia-de-ouro,Águia de Ouro,2010,SP,Grupo Especial,11,265.00,11º Lugar
aguia-de-ouro,Águia de Ouro,2011,SP,Grupo Especial,6,268.25,6º Lugar
aguia-de-ouro,Águia de Ouro,2012,SP,Grupo Especial,12,158.6,12º Lugar
aguia-de-ouro,Águia de Ouro,2013,SP,Grupo Especial,3,268.7,3º Lugar
aguia-de-ouro,Águia de Ouro,2014,SP,Grupo Especial,3,269.3,3º Lugar
aguia-de-ouro,Águia de Ouro,2015,SP,Grupo Especial,4,,4º Lugar
aguia-de-ouro,Águia de Ouro,2016,SP,Grupo Especial,8,,8º Lugar
aguia-de-ouro,Águia de Ouro,2017,SP,Grupo Especial,13,,13º Lugar
aguia-de-ouro,Águia de Ouro,2018,SP,Grupo de Acesso,1,,Campeã
aguia-de-ouro,Águia de Ouro,2019,SP,Grupo Especial,6,,6º Lugar
aguia-de-ouro,Águia de Ouro,2020,SP,Grupo Especial,1,,Campeã
aguia-de-ouro,Águia de Ouro,2022,SP,Grupo Especial,6,,6º Lugar
aguia-de-ouro,Águia de Ouro,2023,SP,Grupo Especial,8,,8º Lugar
aguia-de-ouro,Águia de Ouro,2024,SP,Grupo Especial,10,,10º Lugar
aguia-de-ouro,Águia de Ouro,2025,SP,Grupo Especial,7,269.5,7º Lugar
aguia-de-ouro,Águia de Ouro,2026,SP,Grupo Especial,14,268.2,14º Lugar
barroca-zona-sul,Barroca Zona Sul,1975,SP,Grupo 3,1,71.0,Campeã
barroca-zona-sul,Barroca Zona Sul,1976,SP,Grupo 2,1,89,Campeã
barroca-zona-sul,Barroca Zona Sul,1977,SP,Grupo 1,7,76.0,7º Lugar
barroca-zona-sul,Barroca Zona Sul,1978,SP,Grupo 1,7,61.0,7º Lugar
barroca-zona-sul,Barroca Zona Sul,1979,SP,Grupo 1,7,80.0,7º Lugar
barroca-zona-sul,Barroca Zona Sul,1980,SP,Grupo 1,8,65.00,8º Lugar
barroca-zona-sul,Barroca Zona Sul,1981,SP,Grupo 1,6,93.00,6º Lugar
barroca-zona-sul,Barroca Zona Sul,1982,SP,Grupo 1,6,81.00,6º Lugar
barroca-zona-sul,Barroca Zona Sul,1983,SP,Grupo 1,6,272.0,6º Lugar
barroca-zona-sul,Barroca Zona Sul,1984,SP,Grupo 1,6,177.00,6º Lugar
barroca-zona-sul,Barroca Zona Sul,1985,SP,Grupo 1,6,90.00,6º Lugar
barroca-zona-sul,Barroca Zona Sul,1986,SP,Grupo 1,9,66.00,9º Lugar
barroca-zona-sul,Barroca Zona Sul,1987,SP,Grupo 2,1,89.00,Campeã
barroca-zona-sul,Barroca Zona Sul,1988,SP,Grupo Especial,7,175.00,7º Lugar
barroca-zona-sul,Barroca Zona Sul,1989,SP,Grupo Especial,8,242.00,8º Lugar
barroca-zona-sul,Barroca Zona Sul,1990,SP,Grupo Especial,6,278.00,6º Lugar
barroca-zona-sul,Barroca Zona Sul,1991,SP,Grupo Especial,7,251.00,7º Lugar
barroca-zona-sul,Barroca Zona Sul,1992,SP,Grupo Especial,9,264.00,9º Lugar
barroca-zona-sul,Barroca Zona Sul,1993,SP,Grupo Especial,10,84.00,10º Lugar
barroca-zona-sul,Barroca Zona Sul,1994,SP,Grupo Especial,9,264.50,9º Lugar
barroca-zona-sul,Barroca Zona Sul,1995,SP,Grupo 1,3,96.50,3º Lugar
barroca-zona-sul,Barroca Zona Sul,1996,SP,Grupo 1,3,281.50,3º Lugar
barroca-zona-sul,Barroca Zona Sul,1997,SP,Grupo 1,4,286.50,4º Lugar
barroca-zona-sul,Barroca Zona Sul,1998,SP,Grupo 1,4,289.50,4º Lugar
barroca-zona-sul,Barroca Zona Sul,1999,SP,Grupo 1,3,,3º Lugar
barroca-zona-sul,Barroca Zona Sul,2000,SP,Grupo de Acesso,4,196.50,4º Lugar
barroca-zona-sul,Barroca Zona Sul,2001,SP,Grupo de Acesso,3,291.50,3º Lugar
barroca-zona-sul,Barroca Zona Sul,2002,SP,Grupo de Acesso,1,298.00,Campeã
barroca-zona-sul,Barroca Zona Sul,2003,SP,Grupo Especial,14,187.00,14º Lugar
barroca-zona-sul,Barroca Zona Sul,2004,SP,Grupo Especial,14,190.00,14º Lugar
barroca-zona-sul,Barroca Zona Sul,2005,SP,Grupo Especial,16,272.50,16º Lugar
barroca-zona-sul,Barroca Zona Sul,2006,SP,Grupo de Acesso,3,296.00,3º Lugar
barroca-zona-sul,Barroca Zona Sul,2007,SP,Grupo de Acesso,4,292.00,4º Lugar
barroca-zona-sul,Barroca Zona Sul,2008,SP,Grupo de Acesso,3,87.75,3º Lugar
barroca-zona-sul,Barroca Zona Sul,2009,SP,Grupo de Acesso,6,343.5,6º Lugar
barroca-zona-sul,Barroca Zona Sul,2010,SP,Grupo de Acesso,7,259.25,7º Lugar
barroca-zona-sul,Barroca Zona Sul,2011,SP,Grupo 1 - UESP,4,266.25,4º Lugar
barroca-zona-sul,Barroca Zona Sul,2012,SP,Grupo 1 - UESP,4,258.6,4º Lugar
barroca-zona-sul,Barroca Zona Sul,2013,SP,Grupo 1-UESP,12,263.7,12º Lugar
barroca-zona-sul,Barroca Zona Sul,2014,SP,Grupo 2-UESP,2,179.7,2º Lugar
barroca-zona-sul,Barroca Zona Sul,2015,SP,Grupo 1-UESP,1,,Campeã
barroca-zona-sul,Barroca Zona Sul,2016,SP,Grupo de Acesso,8,,8º Lugar
barroca-zona-sul,Barroca Zona Sul,2017,SP,Grupo 1,1,,Campeã
barroca-zona-sul,Barroca Zona Sul,2018,SP,Grupo de Acesso,3,,3º Lugar
barroca-zona-sul,Barroca Zona Sul,2019,SP,Grupo de acesso 1,2,,2º Lugar
barroca-zona-sul,Barroca Zona Sul,2020,SP,Grupo Especial,10,,10º Lugar
barroca-zona-sul,Barroca Zona Sul,2022,SP,Grupo Especial,10,,10º Lugar
barroca-zona-sul,Barroca Zona Sul,2023,SP,Grupo Especial,10,,10º Lugar
barroca-zona-sul,Barroca Zona Sul,2024,SP,Grupo Especial,9,,9º Lugar
barroca-zona-sul,Barroca Zona Sul,2025,SP,Grupo Especial,12,269.0,12º Lugar
barroca-zona-sul,Barroca Zona Sul,2026,SP,Grupo Especial,5,269.4,5º Lugar
beija-flor,Beija-Flor de Nilópolis,1954,RJ,Campeonato,1,122,Campeã
beija-flor,Beija-Flor de Nilópolis,1955,RJ,Supercampeonato,6,122,6º Lugar
beija-flor,Beija-Flor de Nilópolis,1956,RJ,Supercampeonato,12,54,12º Lugar
beija-flor,Beija-Flor de Nilópolis,1957,RJ,Supercampeonato,10,50,10º Lugar
beija-flor,Beija-Flor de Nilópolis,1958,RJ,Supercampeonato,10,80.5,10º Lugar
beija-flor,Beija-Flor de Nilópolis,1959,RJ,Supercampeonato,9,82,9º Lugar
beija-flor,Beija-Flor de Nilópolis,1960,RJ,Supercampeonato,6,58,6º Lugar
beija-flor,Beija-Flor de Nilópolis,1961,RJ,Desfile intermediário,8,74,8º Lugar
beija-flor,Beija-Flor de Nilópolis,1962,RJ,Grupo 2,2,101,2º Lugar
beija-flor,Beija-Flor de Nilópolis,1963,RJ,Grupo 1,10,39,10º Lugar
beija-flor,Beija-Flor de Nilópolis,1964,RJ,Grupo 2,12,35,12º Lugar
beija-flor,Beija-Flor de Nilópolis,1965,RJ,Grupo 3,3,97,3º Lugar
beija-flor,Beija-Flor de Nilópolis,1966,RJ,Grupo 3,3,98,3º Lugar
beija-flor,Beija-Flor de Nilópolis,1967,RJ,Grupo 3,2,105,2º Lugar
beija-flor,Beija-Flor de Nilópolis,1968,RJ,Grupo 2,9,65,9º Lugar
beija-flor,Beija-Flor de Nilópolis,1969,RJ,Grupo 2,9,83,9º Lugar
beija-flor,Beija-Flor de Nilópolis,1970,RJ,Grupo 2,6,68,6º Lugar
beija-flor,Beija-Flor de Nilópolis,1971,RJ,Grupo 2,7,100,7º Lugar
beija-flor,Beija-Flor de Nilópolis,1972,RJ,Grupo 2,6,59,6º Lugar
beija-flor,Beija-Flor de Nilópolis,1973,RJ,Grupo 2,2,56,2º Lugar
beija-flor,Beija-Flor de Nilópolis,1974,RJ,Grupo 1,7,72,7º Lugar
beija-flor,Beija-Flor de Nilópolis,1975,RJ,Grupo 1,7,90,7º Lugar
beija-flor,Beija-Flor de Nilópolis,1976,RJ,Grupo 1,1,122,Campeã
beija-flor,Beija-Flor de Nilópolis,1977,RJ,Grupo 1,1,86,Campeã
beija-flor,Beija-Flor de Nilópolis,1978,RJ,Grupo 1,1,166,Campeã
beija-flor,Beija-Flor de Nilópolis,1979,RJ,Grupo 1-A,2,161,2º Lugar
beija-flor,Beija-Flor de Nilópolis,1980,RJ,Grupo 1-A,1,93,Campeã
beija-flor,Beija-Flor de Nilópolis,1981,RJ,Grupo 1-A,2,161,2º Lugar
beija-flor,Beija-Flor de Nilópolis,1982,RJ,Grupo 1-A,6,179,6º Lugar
beija-flor,Beija-Flor de Nilópolis,1983,RJ,Grupo 1-A,1,204,Campeã
beija-flor,Beija-Flor de Nilópolis,1984,RJ,Desfile de segunda-feira,3,193,3º Lugar
beija-flor,Beija-Flor de Nilópolis,1985,RJ,Grupo 1-A,2,212,2º Lugar
beija-flor,Beija-Flor de Nilópolis,1986,RJ,Grupo 1-A,2,211,2º Lugar
beija-flor,Beija-Flor de Nilópolis,1987,RJ,Grupo 1,4,219,4º Lugar
beija-flor,Beija-Flor de Nilópolis,1988,RJ,Grupo 1,3,222,3º Lugar
beija-flor,Beija-Flor de Nilópolis,1989,RJ,Grupo 1,2,210,2º Lugar
beija-flor,Beija-Flor de Nilópolis,1990,RJ,Grupo Especial,2,564,2º Lugar
beija-flor,Beija-Flor de Nilópolis,1991,RJ,Grupo Especial,4,290.5,4º Lugar
beija-flor,Beija-Flor de Nilópolis,1992,RJ,Grupo Especial,7,288.5,7º Lugar
beija-flor,Beija-Flor de Nilópolis,1993,RJ,Grupo Especial,3,296.5,3º Lugar
beija-flor,Beija-Flor de Nilópolis,1994,RJ,Grupo Especial,5,291.5,5º Lugar
beija-flor,Beija-Flor de Nilópolis,1995,RJ,Grupo Especial,3,299,3º Lugar
beija-flor,Beija-Flor de Nilópolis,1996,RJ,Grupo Especial,3,299,3º Lugar
beija-flor,Beija-Flor de Nilópolis,1997,RJ,Grupo Especial,4,178,4º Lugar
beija-flor,Beija-Flor de Nilópolis,1998,RJ,Grupo Especial,1,270,Campeã
beija-flor,Beija-Flor de Nilópolis,1999,RJ,Grupo Especial,2,269,2º Lugar
beija-flor,Beija-Flor de Nilópolis,2000,RJ,Grupo Especial,2,299,2º Lugar
beija-flor,Beija-Flor de Nilópolis,2001,RJ,Grupo Especial,2,299.5,2º Lugar
beija-flor,Beija-Flor de Nilópolis,2002,RJ,Grupo Especial,2,399.4,2º Lugar
beija-flor,Beija-Flor de Nilópolis,2003,RJ,Grupo Especial,1,399.6,Campeã
beija-flor,Beija-Flor de Nilópolis,2004,RJ,Grupo Especial,1,388.7,Campeã
beija-flor,Beija-Flor de Nilópolis,2005,RJ,Grupo Especial,1,399.4,Campeã
beija-flor,Beija-Flor de Nilópolis,2006,RJ,Grupo Especial,5,397.1,5º Lugar
beija-flor,Beija-Flor de Nilópolis,2007,RJ,Grupo Especial,1,399.3,Campeã
beija-flor,Beija-Flor de Nilópolis,2008,RJ,Grupo Especial,1,399.3,Campeã
beija-flor,Beija-Flor de Nilópolis,2009,RJ,Grupo Especial,2,398,2º Lugar
beija-flor,Beija-Flor de Nilópolis,2010,RJ,Grupo Especial,3,299.2,3º Lugar
beija-flor,Beija-Flor de Nilópolis,2011,RJ,Grupo Especial,1,299.8,Campeã
beija-flor,Beija-Flor de Nilópolis,2012,RJ,Grupo Especial,4,298.9,4º Lugar
beija-flor,Beija-Flor de Nilópolis,2013,RJ,Grupo Especial,2,299.4,2º Lugar
beija-flor,Beija-Flor de Nilópolis,2014,RJ,Grupo Especial,7,296.4,7º Lugar
beija-flor,Beija-Flor de Nilópolis,2015,RJ,Grupo Especial,1,269.9,Campeã
beija-flor,Beija-Flor de Nilópolis,2016,RJ,Grupo Especial,5,269.3,5º Lugar
beija-flor,Beija-Flor de Nilópolis,2017,RJ,Grupo Especial,6,269.2,6º Lugar
beija-flor,Beija-Flor de Nilópolis,2018,RJ,Grupo Especial,1,269.6,Campeã
beija-flor,Beija-Flor de Nilópolis,2019,RJ,Grupo Especial,11,267.6,11º Lugar
beija-flor,Beija-Flor de Nilópolis,2020,RJ,Grupo Especial,4,269.4,4º Lugar
beija-flor,Beija-Flor de Nilópolis,2022,RJ,Grupo Especial,2,269.6,2º Lugar
beija-flor,Beija-Flor de Nilópolis,2023,RJ,Grupo Especial,4,269.2,4º Lugar
beija-flor,Beija-Flor de Nilópolis,2024,RJ,Grupo Especial,8,268.5,8º Lugar
beija-flor,Beija-Flor de Nilópolis,2025,RJ,Grupo Especial,1,270,Campeã
beija-flor,Beija-Flor de Nilópolis,2026,RJ,Grupo Especial,2,269.9,2º Lugar
camisa-verde-e-branco,Camisa Verde e Branco,1970,SP,Cordões,2,91.0,2º Lugar
camisa-verde-e-branco,Camisa Verde e Branco,1972,SP,Grupo 1,3,95.0,3º Lugar
camisa-verde-e-branco,Camisa Verde e Branco,1973,SP,Grupo 1,2,100.0,2º Lugar
camisa-verde-e-branco,Camisa Verde e Branco,1974,SP,Grupo 1,1,92.0,Campeã
camisa-verde-e-branco,Camisa Verde e Branco,1975,SP,Grupo 1,1,88.0,Campeã
camisa-verde-e-branco,Camisa Verde e Branco,1976,SP,Grupo 1,1,90,Campeã
camisa-verde-e-branco,Camisa Verde e Branco,1977,SP,Grupo 1,1,94.0,Campeã
camisa-verde-e-branco,Camisa Verde e Branco,1978,SP,Grupo 1,2,84.0,2º Lugar
camisa-verde-e-branco,Camisa Verde e Branco,1979,SP,Grupo 1,1,96.0,Campeã
camisa-verde-e-branco,Camisa Verde e Branco,1980,SP,Grupo 1,2,95.00,2º Lugar
camisa-verde-e-branco,Camisa Verde e Branco,1981,SP,Grupo 1,3,97.00,3º Lugar
camisa-verde-e-branco,Camisa Verde e Branco,1982,SP,Grupo 1,3,90.00,3º Lugar
camisa-verde-e-branco,Camisa Verde e Branco,1983,SP,Grupo 1,5,275.0,5º Lugar
camisa-verde-e-branco,Camisa Verde e Branco,1984,SP,Grupo 1,2,197.00,2º Lugar
camisa-verde-e-branco,Camisa Verde e Branco,1985,SP,Grupo 1,4,93.00,4º Lugar
camisa-verde-e-branco,Camisa Verde e Branco,1986,SP,Grupo 1,2,92.00,2º Lugar
camisa-verde-e-branco,Camisa Verde e Branco,1987,SP,Grupo 1,2,281.00,2º Lugar
camisa-verde-e-branco,Camisa Verde e Branco,1989,SP,Grupo Especial,1,292.00,Campeã
camisa-verde-e-branco,Camisa Verde e Branco,1990,SP,Grupo Especial,1,294.00,Campeã
camisa-verde-e-branco,Camisa Verde e Branco,1991,SP,Grupo Especial,1,266.00,Campeã
camisa-verde-e-branco,Camisa Verde e Branco,1992,SP,Grupo Especial,2,291.00,2º Lugar
camisa-verde-e-branco,Camisa Verde e Branco,1993,SP,Grupo Especial,1,100.00,Campeã
camisa-verde-e-branco,Camisa Verde e Branco,1994,SP,Grupo Especial,3,282.00,3º Lugar
camisa-verde-e-branco,Camisa Verde e Branco,1995,SP,Grupo Especial,3,288.00,3º Lugar
camisa-verde-e-branco,Camisa Verde e Branco,1996,SP,Grupo Especial,9,270.50,9º Lugar
camisa-verde-e-branco,Camisa Verde e Branco,1997,SP,Grupo 1,1,296.50,Campeã
camisa-verde-e-branco,Camisa Verde e Branco,1998,SP,Grupo Especial,3,290.50,3º Lugar
camisa-verde-e-branco,Camisa Verde e Branco,1999,SP,Grupo Especial,9,284.50,9º Lugar
camisa-verde-e-branco,Camisa Verde e Branco,2000,SP,Grupo Especial,7,198.00,7º Lugar
camisa-verde-e-branco,Camisa Verde e Branco,2001,SP,Grupo Especial,6,197.00,6º Lugar
camisa-verde-e-branco,Camisa Verde e Branco,2002,SP,Grupo Especial,2,199.50,2º Lugar
camisa-verde-e-branco,Camisa Verde e Branco,2003,SP,Grupo Especial,6,197.00,6º Lugar
camisa-verde-e-branco,Camisa Verde e Branco,2004,SP,Grupo Especial,10,196.50,10º Lugar
camisa-verde-e-branco,Camisa Verde e Branco,2005,SP,Grupo Especial,11,289.50,11º Lugar
camisa-verde-e-branco,Camisa Verde e Branco,2006,SP,Grupo Especial,13,287.00,13º Lugar
camisa-verde-e-branco,Camisa Verde e Branco,2007,SP,Grupo de Acesso,2,295.75,2º Lugar
camisa-verde-e-branco,Camisa Verde e Branco,2008,SP,Grupo Especial,14,86.00,14º Lugar
camisa-verde-e-branco,Camisa Verde e Branco,2009,SP,Grupo de Acesso,4,348,4º Lugar
camisa-verde-e-branco,Camisa Verde e Branco,2010,SP,Grupo de Acesso,4,267.25,4º Lugar
camisa-verde-e-branco,Camisa Verde e Branco,2011,SP,Grupo de Acesso,2,267.75,2º Lugar
camisa-verde-e-branco,Camisa Verde e Branco,2012,SP,Grupo Especial,14,156.9,14º Lugar
camisa-verde-e-branco,Camisa Verde e Branco,2013,SP,Grupo de acesso,4,268.5,4º Lugar
camisa-verde-e-branco,Camisa Verde e Branco,2014,SP,Grupo de acesso,3,267.7,3º Lugar
camisa-verde-e-branco,Camisa Verde e Branco,2015,SP,Grupo de Acesso,3,,3º Lugar
camisa-verde-e-branco,Camisa Verde e Branco,2016,SP,Grupo de Acesso,4,,4º Lugar
camisa-verde-e-branco,Camisa Verde e Branco,2017,SP,Grupo de Acesso,4,,4º Lugar
camisa-verde-e-branco,Camisa Verde e Branco,2018,SP,Grupo de Acesso,7,,7º Lugar
camisa-verde-e-branco,Camisa Verde e Branco,2019,SP,Grupo de acesso 1,6,,6º Lugar
camisa-verde-e-branco,Camisa Verde e Branco,2020,SP,Grupo de Acesso 1,5,,5º Lugar
camisa-verde-e-branco,Camisa Verde e Branco,2022,SP,Grupo de acesso 1,5,,5º Lugar
camisa-verde-e-branco,Camisa Verde e Branco,2023,SP,Grupo de Acesso 1,2,,2º Lugar
camisa-verde-e-branco,Camisa Verde e Branco,2024,SP,Grupo Especial,12,,12º Lugar
camisa-verde-e-branco,Camisa Verde e Branco,2025,SP,Grupo Especial,5,269.7,5º Lugar
camisa-verde-e-branco,Camisa Verde e Branco,2026,SP,Grupo Especial,10,268.8,10º Lugar
colorado-do-bras,Colorado do Brás,1976,SP,Grupo 3,12,53,12º Lugar
colorado-do-bras,Colorado do Brás,1977,SP,Grupo 3,12,58.0,12º Lugar
colorado-do-bras,Colorado do Brás,1978,SP,Grupo 3,3,75.0,3º Lugar
colorado-do-bras,Colorado do Brás,1979,SP,Grupo 3,1,78.0,Campeã
colorado-do-bras,Colorado do Brás,1980,SP,Grupo 2,4,78.0,4º Lugar
colorado-do-bras,Colorado do Brás,1981,SP,Grupo 2,8,67.00,8º Lugar
colorado-do-bras,Colorado do Brás,1982,SP,Grupo 2,4,87.00,4º Lugar
colorado-do-bras,Colorado do Brás,1983,SP,Grupo 2,4,,4º Lugar
colorado-do-bras,Colorado do Brás,1984,SP,Grupo 2,3,280.00,3º Lugar
colorado-do-bras,Colorado do Brás,1985,SP,Grupo 2,2,186.00,2º Lugar
colorado-do-bras,Colorado do Brás,1986,SP,Grupo 1,8,72.00,8º Lugar
colorado-do-bras,Colorado do Brás,1987,SP,Grupo 1,7,233.00,7º Lugar
colorado-do-bras,Colorado do Brás,1988,SP,Grupo Especial,9,168.00,9º Lugar
colorado-do-bras,Colorado do Brás,1989,SP,Grupo 1,5,182.00,5º Lugar
colorado-do-bras,Colorado do Brás,1990,SP,Grupo 1,6,,6º Lugar
colorado-do-bras,Colorado do Brás,1991,SP,Grupo 1,2,,2º Lugar
colorado-do-bras,Colorado do Brás,1992,SP,Grupo Especial,10,255.00,10º Lugar
colorado-do-bras,Colorado do Brás,1993,SP,Grupo Especial,12,80.00,12º Lugar
colorado-do-bras,Colorado do Brás,1994,SP,Grupo 1,9,,9º Lugar
colorado-do-bras,Colorado do Brás,1995,SP,Grupo 2,2,282.00,2º Lugar
colorado-do-bras,Colorado do Brás,1996,SP,Grupo 1,7,260.50,7º Lugar
colorado-do-bras,Colorado do Brás,1997,SP,Grupo 1,8,278.00,8º Lugar
colorado-do-bras,Colorado do Brás,1998,SP,Grupo 1,6,272.00,6º Lugar
colorado-do-bras,Colorado do Brás,1999,SP,Grupo 1,7,,7º Lugar
colorado-do-bras,Colorado do Brás,2000,SP,Grupo 1A,1,201.00,Campeã
colorado-do-bras,Colorado do Brás,2001,SP,Grupo de Acesso,6,281.00,6º Lugar
colorado-do-bras,Colorado do Brás,2002,SP,Grupo de Acesso,8,279.50,8º Lugar
colorado-do-bras,Colorado do Brás,2003,SP,Grupo 1A,2,296.6,2º Lugar
colorado-do-bras,Colorado do Brás,2004,SP,Grupo de Acesso,8,178.50,8º Lugar
colorado-do-bras,Colorado do Brás,2005,SP,Grupo 1,6,293.50,6º Lugar
colorado-do-bras,Colorado do Brás,2006,SP,Grupo 1,3,291.00,3º Lugar
colorado-do-bras,Colorado do Brás,2007,SP,Grupo 1,5,291.25,5º Lugar
colorado-do-bras,Colorado do Brás,2008,SP,Grupo 1,5,291.75,5º Lugar
colorado-do-bras,Colorado do Brás,2009,SP,Grupo 1,12,110.5,12º Lugar
colorado-do-bras,Colorado do Brás,2010,SP,Grupo 2,12,99.75,12º Lugar
colorado-do-bras,Colorado do Brás,2011,SP,Grupo 3 - UESP,1,180,Campeã
colorado-do-bras,Colorado do Brás,2012,SP,Grupo 2 - UESP,2,160.1,2º Lugar
colorado-do-bras,Colorado do Brás,2013,SP,Grupo 1-UESP,1,269.5,Campeã
colorado-do-bras,Colorado do Brás,2014,SP,Grupo de acesso,5,266.8,5º Lugar
colorado-do-bras,Colorado do Brás,2015,SP,Grupo de Acesso,5,,5º Lugar
colorado-do-bras,Colorado do Brás,2016,SP,Grupo de Acesso,7,,7º Lugar
colorado-do-bras,Colorado do Brás,2017,SP,Grupo de Acesso,3,,3º Lugar
colorado-do-bras,Colorado do Brás,2018,SP,Grupo de Acesso,2,,2º Lugar
colorado-do-bras,Colorado do Brás,2019,SP,Grupo Especial,11,,11º Lugar
colorado-do-bras,Colorado do Brás,2020,SP,Grupo Especial,12,,12º Lugar
colorado-do-bras,Colorado do Brás,2022,SP,Grupo Especial,13,,13º Lugar
colorado-do-bras,Colorado do Brás,2023,SP,Grupo de Acesso 1,5,,5º Lugar
colorado-do-bras,Colorado do Brás,2024,SP,Grupo de Acesso 1,2,,2º Lugar
colorado-do-bras,Colorado do Brás,2025,SP,Grupo Especial,10,269.3,10º Lugar
colorado-do-bras,Colorado do Brás,2026,SP,Grupo Especial,11,268.7,11º Lugar
dragoes-da-real,Dragões da Real,2001,SP,Grupo de Espera,1,100.0,Campeã
dragoes-da-real,Dragões da Real,2002,SP,Grupo 3 Oeste,5,97.5,5º Lugar
dragoes-da-real,Dragões da Real,2003,SP,Grupo 3 - Oeste,1,99.5,Campeã
dragoes-da-real,Dragões da Real,2004,SP,Grupo 2,1,197.50,Campeã
dragoes-da-real,Dragões da Real,2005,SP,Grupo 1,2,297.00,2º Lugar
dragoes-da-real,Dragões da Real,2006,SP,Grupo de Acesso,5,285.00,5º Lugar
dragoes-da-real,Dragões da Real,2007,SP,Grupo de Acesso,5,288.25,5º Lugar
dragoes-da-real,Dragões da Real,2008,SP,Grupo de Acesso,5,87.25,5º Lugar
dragoes-da-real,Dragões da Real,2009,SP,Grupo de Acesso,3,350.5,3º Lugar
dragoes-da-real,Dragões da Real,2010,SP,Grupo de Acesso,3,268.00,3º Lugar
dragoes-da-real,Dragões da Real,2011,SP,Grupo de Acesso,1,269.25,Campeã
dragoes-da-real,Dragões da Real,2012,SP,Grupo Especial,8,159.3,8º Lugar
dragoes-da-real,Dragões da Real,2013,SP,Grupo Especial,4,268.5,4º Lugar
dragoes-da-real,Dragões da Real,2014,SP,Grupo Especial,5,269.1,5º Lugar
dragoes-da-real,Dragões da Real,2015,SP,Grupo Especial,5,,5º Lugar
dragoes-da-real,Dragões da Real,2016,SP,Grupo Especial,6,,6º Lugar
dragoes-da-real,Dragões da Real,2017,SP,Grupo Especial,2,,2º Lugar
dragoes-da-real,Dragões da Real,2018,SP,Grupo Especial,5,,5º Lugar
dragoes-da-real,Dragões da Real,2019,SP,Grupo Especial,2,,2º Lugar
dragoes-da-real,Dragões da Real,2020,SP,Grupo Especial,6,,6º Lugar
dragoes-da-real,Dragões da Real,2022,SP,Grupo Especial,7,,7º Lugar
dragoes-da-real,Dragões da Real,2023,SP,Grupo Especial,5,,5º Lugar
dragoes-da-real,Dragões da Real,2024,SP,Grupo Especial,2,,2º Lugar
dragoes-da-real,Dragões da Real,2025,SP,Grupo Especial,6,269.6,6º Lugar
dragoes-da-real,Dragões da Real,2026,SP,Grupo Especial,3,269.6,3º Lugar
estacio-de-sa,Estácio de Sá,1984,RJ,Desfile de segunda-feira,6,173,6º Lugar
estacio-de-sa,Estácio de Sá,1985,RJ,Grupo 1-A,10,190,10º Lugar
estacio-de-sa,Estácio de Sá,1986,RJ,Grupo 1-A,10,187,10º Lugar
estacio-de-sa,Estácio de Sá,1988,RJ,Grupo 1,9,204,9º Lugar
estacio-de-sa,Estácio de Sá,1989,RJ,Grupo 1,9,200,9º Lugar
estacio-de-sa,Estácio de Sá,1990,RJ,Grupo Especial,5,561,5º Lugar
estacio-de-sa,Estácio de Sá,1991,RJ,Grupo Especial,5,290.5,5º Lugar
estacio-de-sa,Estácio de Sá,1992,RJ,Grupo Especial,1,298.5,Campeã
estacio-de-sa,Estácio de Sá,1993,RJ,Grupo Especial,6,289.5,6º Lugar
estacio-de-sa,Estácio de Sá,1994,RJ,Grupo Especial,13,274,13º Lugar
estacio-de-sa,Estácio de Sá,1995,RJ,Grupo Especial,7,296.5,7º Lugar
estacio-de-sa,Estácio de Sá,1996,RJ,Grupo Especial,10,287.5,10º Lugar
estacio-de-sa,Estácio de Sá,1997,RJ,Grupo Especial,13,163,13º Lugar
estacio-de-sa,Estácio de Sá,1998,RJ,Grupo A,8,166.5,8º Lugar
estacio-de-sa,Estácio de Sá,1999,RJ,Grupo A,3,166,3º Lugar
estacio-de-sa,Estácio de Sá,2000,RJ,Grupo A,8,191,8º Lugar
estacio-de-sa,Estácio de Sá,2001,RJ,Grupo A,7,188.5,7º Lugar
estacio-de-sa,Estácio de Sá,2002,RJ,Grupo A,8,190.3,8º Lugar
estacio-de-sa,Estácio de Sá,2003,RJ,Grupo A,5,175.4,5º Lugar
estacio-de-sa,Estácio de Sá,2004,RJ,Grupo A,9,177,9º Lugar
estacio-de-sa,Estácio de Sá,2005,RJ,Grupo B,1,179.9,Campeã
estacio-de-sa,Estácio de Sá,2006,RJ,Grupo A,1,240,Campeã
estacio-de-sa,Estácio de Sá,2007,RJ,Grupo Especial,13,386.5,13º Lugar
estacio-de-sa,Estácio de Sá,2008,RJ,Grupo A,7,237.7,7º Lugar
estacio-de-sa,Estácio de Sá,2009,RJ,Grupo A,5,238.1,5º Lugar
estacio-de-sa,Estácio de Sá,2010,RJ,Grupo A,3,268.6,3º Lugar
estacio-de-sa,Estácio de Sá,2011,RJ,Grupo A,3,298.7,3º Lugar
estacio-de-sa,Estácio de Sá,2012,RJ,Grupo A,7,297.2,7º Lugar
estacio-de-sa,Estácio de Sá,2013,RJ,Série A,4,299.5,4º Lugar
estacio-de-sa,Estácio de Sá,2014,RJ,Série A,2,299.4,2º Lugar
estacio-de-sa,Estácio de Sá,2015,RJ,Série A,1,299.7,Campeã
estacio-de-sa,Estácio de Sá,2016,RJ,Grupo Especial,12,265,12º Lugar
estacio-de-sa,Estácio de Sá,2017,RJ,Série A,3,269.1,3º Lugar
estacio-de-sa,Estácio de Sá,2018,RJ,Série A,6,267.5,6º Lugar
estacio-de-sa,Estácio de Sá,2019,RJ,Série A,1,270,Campeã
estacio-de-sa,Estácio de Sá,2020,RJ,Grupo Especial,12,264.7,12º Lugar
estacio-de-sa,Estácio de Sá,2022,RJ,Série Ouro,8,269.1,8º Lugar
estacio-de-sa,Estácio de Sá,2023,RJ,Série Ouro,8,268.9,8º Lugar
estacio-de-sa,Estácio de Sá,2024,RJ,Série Ouro,3,269.6,3º Lugar
estacio-de-sa,Estácio de Sá,2025,RJ,Série Ouro,2,269.3,2º Lugar
estacio-de-sa,Estácio de Sá,2026,RJ,Série Ouro,6,268.6,6º Lugar
estrela-do-terceiro-milenio,Estrela do Terceiro Milênio,2004,SP,Grupo de Espera,4,98.0,4º Lugar
estrela-do-terceiro-milenio,Estrela do Terceiro Milênio,2005,SP,Grupo 3 Oeste,10,177.00,10º Lugar
estrela-do-terceiro-milenio,Estrela do Terceiro Milênio,2006,SP,Grupo de Espera,2,99.00,2º Lugar
estrela-do-terceiro-milenio,Estrela do Terceiro Milênio,2007,SP,Grupo 3,1,197.75,Campeã
estrela-do-terceiro-milenio,Estrela do Terceiro Milênio,2008,SP,Grupo 2,1,199.25,Campeã
estrela-do-terceiro-milenio,Estrela do Terceiro Milênio,2009,SP,Grupo 1,7,260.75,7º Lugar
estrela-do-terceiro-milenio,Estrela do Terceiro Milênio,2010,SP,Grupo 1,10,259.25,10º Lugar
estrela-do-terceiro-milenio,Estrela do Terceiro Milênio,2012,SP,Grupo de Acesso,4,179.1,4º Lugar
estrela-do-terceiro-milenio,Estrela do Terceiro Milênio,2013,SP,Grupo de acesso,3,269.0,3º Lugar
estrela-do-terceiro-milenio,Estrela do Terceiro Milênio,2014,SP,Grupo de acesso,8,264.7,8º Lugar
estrela-do-terceiro-milenio,Estrela do Terceiro Milênio,2015,SP,Grupo 1-UESP,2,,2º Lugar
estrela-do-terceiro-milenio,Estrela do Terceiro Milênio,2016,SP,Grupo 1-UESP,1,,Campeã
estrela-do-terceiro-milenio,Estrela do Terceiro Milênio,2017,SP,Grupo de Acesso,8,,8º Lugar
estrela-do-terceiro-milenio,Estrela do Terceiro Milênio,2018,SP,Grupo de Acesso 2,2,,2º Lugar
estrela-do-terceiro-milenio,Estrela do Terceiro Milênio,2019,SP,Grupo de acesso 2,1,,Campeã
estrela-do-terceiro-milenio,Estrela do Terceiro Milênio,2020,SP,Grupo de Acesso 1,3,,3º Lugar
estrela-do-terceiro-milenio,Estrela do Terceiro Milênio,2022,SP,Grupo de acesso 1,1,,Campeã
estrela-do-terceiro-milenio,Estrela do Terceiro Milênio,2023,SP,Grupo Especial,14,,14º Lugar
estrela-do-terceiro-milenio,Estrela do Terceiro Milênio,2024,SP,Grupo de Acesso 1,1,,Campeã
estrela-do-terceiro-milenio,Estrela do Terceiro Milênio,2025,SP,Grupo Especial,8,269.5,8º Lugar
estrela-do-terceiro-milenio,Estrela do Terceiro Milênio,2026,SP,Grupo Especial,7,269.1,7º Lugar
gavioes-da-fiel,Gaviões da Fiel,1989,SP,Grupo 1,2,189.00,2º Lugar
gavioes-da-fiel,Gaviões da Fiel,1990,SP,Grupo Especial,9,261.00,9º Lugar
gavioes-da-fiel,Gaviões da Fiel,1991,SP,Grupo 1,1,,Campeã
gavioes-da-fiel,Gaviões da Fiel,1992,SP,Grupo Especial,8,270.00,8º Lugar
gavioes-da-fiel,Gaviões da Fiel,1993,SP,Grupo Especial,6,95.00,6º Lugar
gavioes-da-fiel,Gaviões da Fiel,1994,SP,Grupo Especial,2,285.00,2º Lugar
gavioes-da-fiel,Gaviões da Fiel,1995,SP,Grupo Especial,1,293.00,Campeã
gavioes-da-fiel,Gaviões da Fiel,1996,SP,Grupo Especial,4,284.00,4º Lugar
gavioes-da-fiel,Gaviões da Fiel,1997,SP,Grupo Especial,5,295.00,5º Lugar
gavioes-da-fiel,Gaviões da Fiel,1998,SP,Grupo Especial,5,289.00,5º Lugar
gavioes-da-fiel,Gaviões da Fiel,1999,SP,Grupo Especial,1,299.50,Campeã
gavioes-da-fiel,Gaviões da Fiel,2000,SP,Grupo Especial,3,199.00,3º Lugar
gavioes-da-fiel,Gaviões da Fiel,2001,SP,Grupo Especial,4,198.50,4º Lugar
gavioes-da-fiel,Gaviões da Fiel,2002,SP,Grupo Especial,1,200.00,Campeã
gavioes-da-fiel,Gaviões da Fiel,2003,SP,Grupo Especial,1,200.00,Campeã
gavioes-da-fiel,Gaviões da Fiel,2004,SP,Grupo Especial,16,185.50,16º Lugar
gavioes-da-fiel,Gaviões da Fiel,2005,SP,Grupo de Acesso,1,298.50,Campeã
gavioes-da-fiel,Gaviões da Fiel,2006,SP,Grupo Especial,16,283.25,16º Lugar
gavioes-da-fiel,Gaviões da Fiel,2007,SP,Grupo de Acesso,1,298.00,Campeã
gavioes-da-fiel,Gaviões da Fiel,2008,SP,Grupo Especial,11,87.50,11º Lugar
gavioes-da-fiel,Gaviões da Fiel,2009,SP,Grupo Especial,4,358.00,4º Lugar
gavioes-da-fiel,Gaviões da Fiel,2010,SP,Grupo Especial,5,268.75,5º Lugar
gavioes-da-fiel,Gaviões da Fiel,2011,SP,Grupo Especial,5,268.50,5º Lugar
gavioes-da-fiel,Gaviões da Fiel,2012,SP,Grupo Especial,9,159.3,9º Lugar
gavioes-da-fiel,Gaviões da Fiel,2013,SP,Grupo Especial,9,268.0,9º Lugar
gavioes-da-fiel,Gaviões da Fiel,2014,SP,Grupo Especial,10,268.0,10º Lugar
gavioes-da-fiel,Gaviões da Fiel,2015,SP,Grupo Especial,9,,9º Lugar
gavioes-da-fiel,Gaviões da Fiel,2016,SP,Grupo Especial,7,,7º Lugar
gavioes-da-fiel,Gaviões da Fiel,2017,SP,Grupo Especial,9,,9º Lugar
gavioes-da-fiel,Gaviões da Fiel,2018,SP,Grupo Especial,7,,7º Lugar
gavioes-da-fiel,Gaviões da Fiel,2019,SP,Grupo Especial,9,,9º Lugar
gavioes-da-fiel,Gaviões da Fiel,2020,SP,Grupo Especial,11,,11º Lugar
gavioes-da-fiel,Gaviões da Fiel,2022,SP,Grupo Especial,8,,8º Lugar
gavioes-da-fiel,Gaviões da Fiel,2023,SP,Grupo Especial,9,,9º Lugar
gavioes-da-fiel,Gaviões da Fiel,2024,SP,Grupo Especial,4,,4º Lugar
gavioes-da-fiel,Gaviões da Fiel,2025,SP,Grupo Especial,3,269.7,3º Lugar
gavioes-da-fiel,Gaviões da Fiel,2026,SP,Grupo Especial,2,269.7,2º Lugar
grande-rio,Acadêmicos do Grande Rio,1972,RJ,Grupo 2,14,51,14º Lugar
grande-rio,Acadêmicos do Grande Rio,1973,RJ,Grupo 3,9,40,9º Lugar
grande-rio,Acadêmicos do Grande Rio,1974,RJ,Grupo 3,14,50,14º Lugar
grande-rio,Acadêmicos do Grande Rio,1975,RJ,Grupo 3,8,87,8º Lugar
grande-rio,Acadêmicos do Grande Rio,1976,RJ,Grupo 3,3,84,3º Lugar
grande-rio,Acadêmicos do Grande Rio,1977,RJ,Grupo 2,15,38,15º Lugar
grande-rio,Acadêmicos do Grande Rio,1978,RJ,Grupo 3,10,74,10º Lugar
grande-rio,Acadêmicos do Grande Rio,1979,RJ,Grupo 2-B,3,86,3º Lugar
grande-rio,Acadêmicos do Grande Rio,1980,RJ,Grupo 2-A,6,74,6º Lugar
grande-rio,Acadêmicos do Grande Rio,1981,RJ,Grupo 2-A,10,73,10º Lugar
grande-rio,Acadêmicos do Grande Rio,1982,RJ,Grupo 2-A,12,152,12º Lugar
grande-rio,Acadêmicos do Grande Rio,1983,RJ,Grupo 2-B,6,150,6º Lugar
grande-rio,Acadêmicos do Grande Rio,1984,RJ,Grupo 2-B,4,169,4º Lugar
grande-rio,Acadêmicos do Grande Rio,1985,RJ,Grupo 2-B,3,193,3º Lugar
grande-rio,Acadêmicos do Grande Rio,1986,RJ,Grupo 2-B,2,198,2º Lugar
grande-rio,Acadêmicos do Grande Rio,1987,RJ,Grupo 3,7,202,7º Lugar
grande-rio,Acadêmicos do Grande Rio,1988,RJ,Grupo 3,9,176,9º Lugar
grande-rio,Acadêmicos do Grande Rio,1989,RJ,Grupo 3,2,210,2º Lugar
grande-rio,Acadêmicos do Grande Rio,1990,RJ,Grupo 1,2,222,2º Lugar
grande-rio,Acadêmicos do Grande Rio,1991,RJ,Grupo Especial,16,240.5,16º Lugar
grande-rio,Acadêmicos do Grande Rio,1992,RJ,Grupo 1,1,315,Campeã
grande-rio,Acadêmicos do Grande Rio,1993,RJ,Grupo Especial,9,286,9º Lugar
grande-rio,Acadêmicos do Grande Rio,1994,RJ,Grupo Especial,12,274,12º Lugar
grande-rio,Acadêmicos do Grande Rio,1995,RJ,Grupo Especial,16,268,16º Lugar
grande-rio,Acadêmicos do Grande Rio,1996,RJ,Grupo Especial,11,286.5,11º Lugar
grande-rio,Acadêmicos do Grande Rio,1997,RJ,Grupo Especial,10,169,10º Lugar
grande-rio,Acadêmicos do Grande Rio,1998,RJ,Grupo Especial,8,258.5,8º Lugar
grande-rio,Acadêmicos do Grande Rio,1999,RJ,Grupo Especial,6,265,6º Lugar
grande-rio,Acadêmicos do Grande Rio,2000,RJ,Grupo Especial,9,284,9º Lugar
grande-rio,Acadêmicos do Grande Rio,2001,RJ,Grupo Especial,6,289,6º Lugar
grande-rio,Acadêmicos do Grande Rio,2002,RJ,Grupo Especial,7,391,7º Lugar
grande-rio,Acadêmicos do Grande Rio,2003,RJ,Grupo Especial,3,396.6,3º Lugar
grande-rio,Acadêmicos do Grande Rio,2004,RJ,Grupo Especial,10,380.5,10º Lugar
grande-rio,Acadêmicos do Grande Rio,2005,RJ,Grupo Especial,3,398.6,3º Lugar
grande-rio,Acadêmicos do Grande Rio,2006,RJ,Grupo Especial,2,397.6,2º Lugar
grande-rio,Acadêmicos do Grande Rio,2007,RJ,Grupo Especial,2,397.9,2º Lugar
grande-rio,Acadêmicos do Grande Rio,2008,RJ,Grupo Especial,3,396.9,3º Lugar
grande-rio,Acadêmicos do Grande Rio,2009,RJ,Grupo Especial,5,396.9,5º Lugar
grande-rio,Acadêmicos do Grande Rio,2010,RJ,Grupo Especial,2,299.4,2º Lugar
grande-rio,Acadêmicos do Grande Rio,2012,RJ,Grupo Especial,5,298.3,5º Lugar
grande-rio,Acadêmicos do Grande Rio,2013,RJ,Grupo Especial,6,297.2,6º Lugar
grande-rio,Acadêmicos do Grande Rio,2014,RJ,Grupo Especial,6,297.2,6º Lugar
grande-rio,Acadêmicos do Grande Rio,2015,RJ,Grupo Especial,3,269,3º Lugar
grande-rio,Acadêmicos do Grande Rio,2016,RJ,Grupo Especial,7,268.7,7º Lugar
grande-rio,Acadêmicos do Grande Rio,2017,RJ,Grupo Especial,5,269.4,5º Lugar
grande-rio,Acadêmicos do Grande Rio,2018,RJ,Grupo Especial,12,266.8,12º Lugar
grande-rio,Acadêmicos do Grande Rio,2019,RJ,Grupo Especial,9,267.9,9º Lugar
grande-rio,Acadêmicos do Grande Rio,2020,RJ,Grupo Especial,2,269.6,2º Lugar
grande-rio,Acadêmicos do Grande Rio,2022,RJ,Grupo Especial,1,269.9,Campeã
grande-rio,Acadêmicos do Grande Rio,2023,RJ,Grupo Especial,6,268.6,6º Lugar
grande-rio,Acadêmicos do Grande Rio,2024,RJ,Grupo Especial,3,269.2,3º Lugar
grande-rio,Acadêmicos do Grande Rio,2025,RJ,Grupo Especial,2,269.9,2º Lugar
grande-rio,Acadêmicos do Grande Rio,2026,RJ,Grupo Especial,8,268.7,8º Lugar
imperatriz,Imperatriz Leopoldinense,1960,RJ,Campeonato Dep. de Turismo e Certames,6,61,6º Lugar
imperatriz,Imperatriz Leopoldinense,1961,RJ,Desfile preliminar,1,103.5,Campeã
imperatriz,Imperatriz Leopoldinense,1962,RJ,Grupo 2,5,96,5º Lugar
imperatriz,Imperatriz Leopoldinense,1963,RJ,Grupo 2,3,50,3º Lugar
imperatriz,Imperatriz Leopoldinense,1964,RJ,Grupo 2,2,63,2º Lugar
imperatriz,Imperatriz Leopoldinense,1965,RJ,Grupo 1,10,53,10º Lugar
imperatriz,Imperatriz Leopoldinense,1966,RJ,Grupo 2,2,110,2º Lugar
imperatriz,Imperatriz Leopoldinense,1967,RJ,Grupo 1,9,49,9º Lugar
imperatriz,Imperatriz Leopoldinense,1968,RJ,Grupo 2,2,100,2º Lugar
imperatriz,Imperatriz Leopoldinense,1969,RJ,Grupo 1,8,95,8º Lugar
imperatriz,Imperatriz Leopoldinense,1970,RJ,Grupo 1,6,74,6º Lugar
imperatriz,Imperatriz Leopoldinense,1971,RJ,Grupo 1,7,97,7º Lugar
imperatriz,Imperatriz Leopoldinense,1972,RJ,Grupo 1,4,57,4º Lugar
imperatriz,Imperatriz Leopoldinense,1973,RJ,Grupo 1,5,51,5º Lugar
imperatriz,Imperatriz Leopoldinense,1974,RJ,Grupo 1,6,73,6º Lugar
imperatriz,Imperatriz Leopoldinense,1975,RJ,Grupo 1,8,87,8º Lugar
imperatriz,Imperatriz Leopoldinense,1976,RJ,Grupo 1,8,93,8º Lugar
imperatriz,Imperatriz Leopoldinense,1977,RJ,Grupo 1,9,71,9º Lugar
imperatriz,Imperatriz Leopoldinense,1978,RJ,Grupo 2,2,93,2º Lugar
imperatriz,Imperatriz Leopoldinense,1979,RJ,Grupo 1-A,7,140,7º Lugar
imperatriz,Imperatriz Leopoldinense,1981,RJ,Grupo 1-A,1,167,Campeã
imperatriz,Imperatriz Leopoldinense,1982,RJ,Grupo 1-A,3,183,3º Lugar
imperatriz,Imperatriz Leopoldinense,1983,RJ,Grupo 1-A,4,198,4º Lugar
imperatriz,Imperatriz Leopoldinense,1984,RJ,Desfile de segunda-feira,4,189,4º Lugar
imperatriz,Imperatriz Leopoldinense,1985,RJ,Grupo 1-A,8,200,8º Lugar
imperatriz,Imperatriz Leopoldinense,1986,RJ,Grupo 1-A,8,197,8º Lugar
imperatriz,Imperatriz Leopoldinense,1987,RJ,Grupo 1,6,203,6º Lugar
imperatriz,Imperatriz Leopoldinense,1988,RJ,Grupo 1,14,186,14º Lugar
imperatriz,Imperatriz Leopoldinense,1989,RJ,Grupo 1,1,210,Campeã
imperatriz,Imperatriz Leopoldinense,1990,RJ,Grupo Especial,4,562,4º Lugar
imperatriz,Imperatriz Leopoldinense,1991,RJ,Grupo Especial,3,293.5,3º Lugar
imperatriz,Imperatriz Leopoldinense,1992,RJ,Grupo Especial,3,294.5,3º Lugar
imperatriz,Imperatriz Leopoldinense,1993,RJ,Grupo Especial,2,298,2º Lugar
imperatriz,Imperatriz Leopoldinense,1994,RJ,Grupo Especial,1,298.5,Campeã
imperatriz,Imperatriz Leopoldinense,1995,RJ,Grupo Especial,1,300,Campeã
imperatriz,Imperatriz Leopoldinense,1996,RJ,Grupo Especial,2,299.5,2º Lugar
imperatriz,Imperatriz Leopoldinense,1997,RJ,Grupo Especial,6,177.5,6º Lugar
imperatriz,Imperatriz Leopoldinense,1998,RJ,Grupo Especial,3,269.5,3º Lugar
imperatriz,Imperatriz Leopoldinense,1999,RJ,Grupo Especial,1,269.5,Campeã
imperatriz,Imperatriz Leopoldinense,2000,RJ,Grupo Especial,1,299.5,Campeã
imperatriz,Imperatriz Leopoldinense,2001,RJ,Grupo Especial,1,300,Campeã
imperatriz,Imperatriz Leopoldinense,2002,RJ,Grupo Especial,3,396.1,3º Lugar
imperatriz,Imperatriz Leopoldinense,2003,RJ,Grupo Especial,4,395.8,4º Lugar
imperatriz,Imperatriz Leopoldinense,2004,RJ,Grupo Especial,5,386.5,5º Lugar
imperatriz,Imperatriz Leopoldinense,2005,RJ,Grupo Especial,4,398.5,4º Lugar
imperatriz,Imperatriz Leopoldinense,2006,RJ,Grupo Especial,9,391.9,9º Lugar
imperatriz,Imperatriz Leopoldinense,2007,RJ,Grupo Especial,9,392,9º Lugar
imperatriz,Imperatriz Leopoldinense,2008,RJ,Grupo Especial,6,396.5,6º Lugar
imperatriz,Imperatriz Leopoldinense,2009,RJ,Grupo Especial,7,396.4,7º Lugar
imperatriz,Imperatriz Leopoldinense,2010,RJ,Grupo Especial,8,295.8,8º Lugar
imperatriz,Imperatriz Leopoldinense,2011,RJ,Grupo Especial,6,295.5,6º Lugar
imperatriz,Imperatriz Leopoldinense,2012,RJ,Grupo Especial,10,295,10º Lugar
imperatriz,Imperatriz Leopoldinense,2013,RJ,Grupo Especial,4,298.3,4º Lugar
imperatriz,Imperatriz Leopoldinense,2014,RJ,Grupo Especial,5,297.6,5º Lugar
imperatriz,Imperatriz Leopoldinense,2015,RJ,Grupo Especial,6,268.9,6º Lugar
imperatriz,Imperatriz Leopoldinense,2016,RJ,Grupo Especial,6,269.2,6º Lugar
imperatriz,Imperatriz Leopoldinense,2017,RJ,Grupo Especial,7,268.5,7º Lugar
imperatriz,Imperatriz Leopoldinense,2018,RJ,Grupo Especial,8,268.8,8º Lugar
imperatriz,Imperatriz Leopoldinense,2019,RJ,Grupo Especial,13,266.6,13º Lugar
imperatriz,Imperatriz Leopoldinense,2020,RJ,Série A,1,270,Campeã
imperatriz,Imperatriz Leopoldinense,2022,RJ,Grupo Especial,10,266.9,10º Lugar
imperatriz,Imperatriz Leopoldinense,2023,RJ,Grupo Especial,1,269.8,Campeã
imperatriz,Imperatriz Leopoldinense,2024,RJ,Grupo Especial,2,269.3,2º Lugar
imperatriz,Imperatriz Leopoldinense,2025,RJ,Grupo Especial,3,269.8,3º Lugar
imperatriz,Imperatriz Leopoldinense,2026,RJ,Grupo Especial,5,269.4,5º Lugar
imperio-de-casa-verde,Império de Casa Verde,1996,SP,Grupo 4,1,99.00,Campeã
imperio-de-casa-verde,Império de Casa Verde,1997,SP,Grupo 3,1,,Campeã
imperio-de-casa-verde,Império de Casa Verde,1998,SP,Grupo 1A,2,199.50,2º Lugar
imperio-de-casa-verde,Império de Casa Verde,1999,SP,Grupo 1,5,,5º Lugar
imperio-de-casa-verde,Império de Casa Verde,2000,SP,Grupo de Acesso,3,197.50,3º Lugar
imperio-de-casa-verde,Império de Casa Verde,2001,SP,Grupo de Acesso,4,291.00,4º Lugar
imperio-de-casa-verde,Império de Casa Verde,2002,SP,Grupo de Acesso,2,296.00,2º Lugar
imperio-de-casa-verde,Império de Casa Verde,2003,SP,Grupo Especial,11,195.00,11º Lugar
imperio-de-casa-verde,Império de Casa Verde,2004,SP,Grupo Especial,3,199.50,3º Lugar
imperio-de-casa-verde,Império de Casa Verde,2005,SP,Grupo Especial,1,298.00,Campeã
imperio-de-casa-verde,Império de Casa Verde,2006,SP,Grupo Especial,1,298.25,Campeã
imperio-de-casa-verde,Império de Casa Verde,2007,SP,Grupo Especial,5,297.00,5º Lugar
imperio-de-casa-verde,Império de Casa Verde,2008,SP,Grupo Especial,9,88.25,9º Lugar
imperio-de-casa-verde,Império de Casa Verde,2009,SP,Grupo Especial,5,356.50,5º Lugar
imperio-de-casa-verde,Império de Casa Verde,2010,SP,Grupo Especial,7,268.50,7º Lugar
imperio-de-casa-verde,Império de Casa Verde,2011,SP,Grupo Especial,12,265.75,12º Lugar
imperio-de-casa-verde,Império de Casa Verde,2012,SP,Grupo Especial,11,159.0,11º Lugar
imperio-de-casa-verde,Império de Casa Verde,2013,SP,Grupo Especial,5,268.5,5º Lugar
imperio-de-casa-verde,Império de Casa Verde,2014,SP,Grupo Especial,8,268.5,8º Lugar
imperio-de-casa-verde,Império de Casa Verde,2015,SP,Grupo Especial,8,,8º Lugar
imperio-de-casa-verde,Império de Casa Verde,2016,SP,Grupo Especial,1,,Campeã
imperio-de-casa-verde,Império de Casa Verde,2017,SP,Grupo Especial,4,,4º Lugar
imperio-de-casa-verde,Império de Casa Verde,2018,SP,Grupo Especial,6,,6º Lugar
imperio-de-casa-verde,Império de Casa Verde,2019,SP,Grupo Especial,5,,5º Lugar
imperio-de-casa-verde,Império de Casa Verde,2020,SP,Grupo Especial,9,,9º Lugar
imperio-de-casa-verde,Império de Casa Verde,2022,SP,Grupo Especial,3,,3º Lugar
imperio-de-casa-verde,Império de Casa Verde,2023,SP,Grupo Especial,3,,3º Lugar
imperio-de-casa-verde,Império de Casa Verde,2024,SP,Grupo Especial,6,,6º Lugar
imperio-de-casa-verde,Império de Casa Verde,2025,SP,Grupo Especial,11,269.2,11º Lugar
imperio-de-casa-verde,Império de Casa Verde,2026,SP,Grupo Especial,9,269.0,9º Lugar
imperio-serrano,Império Serrano,1948,RJ,Escolas de samba,1,128,Campeã
imperio-serrano,Império Serrano,1949,RJ,Federação Brasileira de Escolas de Samba,1,150,Campeã
imperio-serrano,Império Serrano,1950,RJ,Federação Brasileira de Escolas de Samba,1,320,Campeã
imperio-serrano,Império Serrano,1951,RJ,Federação Brasileira de Escolas de Samba,1,311,Campeã
imperio-serrano,Império Serrano,1953,RJ,Supercampeonato,2,396,2º Lugar
imperio-serrano,Império Serrano,1954,RJ,Supercampeonato,2,177,2º Lugar
imperio-serrano,Império Serrano,1955,RJ,Supercampeonato,1,174,Campeã
imperio-serrano,Império Serrano,1956,RJ,Supercampeonato,1,102,Campeã
imperio-serrano,Império Serrano,1957,RJ,Supercampeonato,2,100,2º Lugar
imperio-serrano,Império Serrano,1958,RJ,Supercampeonato,2,106,2º Lugar
imperio-serrano,Império Serrano,1959,RJ,Supercampeonato,3,96.5,3º Lugar
imperio-serrano,Império Serrano,1961,RJ,Supercampeonato,4,87,4º Lugar
imperio-serrano,Império Serrano,1962,RJ,Grupo 1,2,116,2º Lugar
imperio-serrano,Império Serrano,1963,RJ,Grupo 1,3,80,3º Lugar
imperio-serrano,Império Serrano,1964,RJ,Grupo 1,4,44,4º Lugar
imperio-serrano,Império Serrano,1965,RJ,Grupo 1,2,122,2º Lugar
imperio-serrano,Império Serrano,1966,RJ,Grupo 1,3,126,3º Lugar
imperio-serrano,Império Serrano,1967,RJ,Grupo 1,2,109,2º Lugar
imperio-serrano,Império Serrano,1968,RJ,Grupo 1,2,119,2º Lugar
imperio-serrano,Império Serrano,1969,RJ,Grupo 1,4,113,4º Lugar
imperio-serrano,Império Serrano,1970,RJ,Grupo 1,8,65,8º Lugar
imperio-serrano,Império Serrano,1971,RJ,Grupo 1,3,111,3º Lugar
imperio-serrano,Império Serrano,1972,RJ,Grupo 1,1,68,Campeã
imperio-serrano,Império Serrano,1973,RJ,Grupo 1,2,58,2º Lugar
imperio-serrano,Império Serrano,1974,RJ,Grupo 1,3,93,3º Lugar
imperio-serrano,Império Serrano,1975,RJ,Grupo 1,3,105,3º Lugar
imperio-serrano,Império Serrano,1976,RJ,Grupo 1,7,105,7º Lugar
imperio-serrano,Império Serrano,1977,RJ,Grupo 1,6,79,6º Lugar
imperio-serrano,Império Serrano,1978,RJ,Grupo 1,7,139,7º Lugar
imperio-serrano,Império Serrano,1979,RJ,Grupo 1-B,2,162,2º Lugar
imperio-serrano,Império Serrano,1980,RJ,Grupo 1-A,5,80,5º Lugar
imperio-serrano,Império Serrano,1981,RJ,Grupo 1-A,10,127,10º Lugar
imperio-serrano,Império Serrano,1982,RJ,Grupo 1-A,1,187,Campeã
imperio-serrano,Império Serrano,1983,RJ,Grupo 1-A,3,200,3º Lugar
imperio-serrano,Império Serrano,1984,RJ,Desfile de domingo,2,201,2º Lugar
imperio-serrano,Império Serrano,1985,RJ,Grupo 1-A,7,204,7º Lugar
imperio-serrano,Império Serrano,1986,RJ,Grupo 1-A,3,209,3º Lugar
imperio-serrano,Império Serrano,1987,RJ,Grupo 1,3,221,3º Lugar
imperio-serrano,Império Serrano,1988,RJ,Grupo 1,7,208,7º Lugar
imperio-serrano,Império Serrano,1989,RJ,Grupo 1,10,199,10º Lugar
imperio-serrano,Império Serrano,1990,RJ,Grupo Especial,11,540,11º Lugar
imperio-serrano,Império Serrano,1991,RJ,Grupo Especial,15,258,15º Lugar
imperio-serrano,Império Serrano,1992,RJ,Grupo 1,3,305,3º Lugar
imperio-serrano,Império Serrano,1993,RJ,Grupo 1,2,305,2º Lugar
imperio-serrano,Império Serrano,1994,RJ,Grupo Especial,16,258.5,16º Lugar
imperio-serrano,Império Serrano,1995,RJ,Grupo Especial,15,275,15º Lugar
imperio-serrano,Império Serrano,1996,RJ,Grupo Especial,6,294,6º Lugar
imperio-serrano,Império Serrano,1997,RJ,Grupo Especial,15,162,15º Lugar
imperio-serrano,Império Serrano,1998,RJ,Grupo A,1,180,Campeã
imperio-serrano,Império Serrano,1999,RJ,Grupo Especial,13,248.5,13º Lugar
imperio-serrano,Império Serrano,2000,RJ,Grupo A,1,200,Campeã
imperio-serrano,Império Serrano,2001,RJ,Grupo Especial,11,280,11º Lugar
imperio-serrano,Império Serrano,2002,RJ,Grupo Especial,9,384.7,9º Lugar
imperio-serrano,Império Serrano,2003,RJ,Grupo Especial,12,378.9,12º Lugar
imperio-serrano,Império Serrano,2004,RJ,Grupo Especial,9,380.9,9º Lugar
imperio-serrano,Império Serrano,2005,RJ,Grupo Especial,12,384.3,12º Lugar
imperio-serrano,Império Serrano,2006,RJ,Grupo Especial,8,391.9,8º Lugar
imperio-serrano,Império Serrano,2007,RJ,Grupo Especial,12,389.6,12º Lugar
imperio-serrano,Império Serrano,2008,RJ,Grupo A,1,239.8,Campeã
imperio-serrano,Império Serrano,2009,RJ,Grupo Especial,12,390.7,12º Lugar
imperio-serrano,Império Serrano,2010,RJ,Grupo A,6,267.9,6º Lugar
imperio-serrano,Império Serrano,2011,RJ,Grupo A,6,297.3,6º Lugar
imperio-serrano,Império Serrano,2012,RJ,Grupo A,2,298.3,2º Lugar
imperio-serrano,Império Serrano,2013,RJ,Série A,3,299.5,3º Lugar
imperio-serrano,Império Serrano,2014,RJ,Série A,6,298.1,6º Lugar
imperio-serrano,Império Serrano,2015,RJ,Série A,3,299.3,3º Lugar
imperio-serrano,Império Serrano,2016,RJ,Série A,4,268.3,4º Lugar
imperio-serrano,Império Serrano,2017,RJ,Série A,1,269.8,Campeã
imperio-serrano,Império Serrano,2018,RJ,Grupo Especial,13,265.6,13º Lugar
imperio-serrano,Império Serrano,2019,RJ,Grupo Especial,14,263.8,14º Lugar
imperio-serrano,Império Serrano,2020,RJ,Série A,9,267.4,9º Lugar
imperio-serrano,Império Serrano,2022,RJ,Série Ouro,1,269.9,Campeã
imperio-serrano,Império Serrano,2023,RJ,Grupo Especial,12,265.6,12º Lugar
imperio-serrano,Império Serrano,2024,RJ,Série Ouro,2,269.8,2º Lugar
imperio-serrano,Império Serrano,2026,RJ,Série Ouro,2,269.1,2º Lugar
inocentes-de-belford-roxo,Inocentes de Belford Roxo,1994,RJ,Desfile de Avaliação,5,113,5º Lugar
inocentes-de-belford-roxo,Inocentes de Belford Roxo,1996,RJ,Grupo D,2,123,2º Lugar
inocentes-de-belford-roxo,Inocentes de Belford Roxo,1997,RJ,Grupo C,8,180,8º Lugar
inocentes-de-belford-roxo,Inocentes de Belford Roxo,1998,RJ,Grupo C,1,198,Campeã
inocentes-de-belford-roxo,Inocentes de Belford Roxo,1999,RJ,Grupo B,2,175,2º Lugar
inocentes-de-belford-roxo,Inocentes de Belford Roxo,2000,RJ,Grupo A,5,194,5º Lugar
inocentes-de-belford-roxo,Inocentes de Belford Roxo,2001,RJ,Grupo A,11,152,11º Lugar
inocentes-de-belford-roxo,Inocentes de Belford Roxo,2005,RJ,Grupo B,5,177.8,5º Lugar
inocentes-de-belford-roxo,Inocentes de Belford Roxo,2006,RJ,Grupo B,3,239.2,3º Lugar
inocentes-de-belford-roxo,Inocentes de Belford Roxo,2007,RJ,Grupo B,2,239.7,2º Lugar
inocentes-de-belford-roxo,Inocentes de Belford Roxo,2008,RJ,Grupo B,1,239.6,Campeã
inocentes-de-belford-roxo,Inocentes de Belford Roxo,2009,RJ,Grupo A,9,235.9,9º Lugar
inocentes-de-belford-roxo,Inocentes de Belford Roxo,2010,RJ,Grupo A,2,268.7,2º Lugar
inocentes-de-belford-roxo,Inocentes de Belford Roxo,2011,RJ,Grupo A,8,297.1,8º Lugar
inocentes-de-belford-roxo,Inocentes de Belford Roxo,2012,RJ,Grupo A,1,299.6,Campeã
inocentes-de-belford-roxo,Inocentes de Belford Roxo,2013,RJ,Grupo Especial,12,291.1,12º Lugar
inocentes-de-belford-roxo,Inocentes de Belford Roxo,2014,RJ,Série A,10,296.2,10º Lugar
inocentes-de-belford-roxo,Inocentes de Belford Roxo,2015,RJ,Série A,8,298,8º Lugar
inocentes-de-belford-roxo,Inocentes de Belford Roxo,2016,RJ,Série A,9,266.2,9º Lugar
inocentes-de-belford-roxo,Inocentes de Belford Roxo,2017,RJ,Série A,9,265.2,9º Lugar
inocentes-de-belford-roxo,Inocentes de Belford Roxo,2018,RJ,Série A,4,268.2,4º Lugar
inocentes-de-belford-roxo,Inocentes de Belford Roxo,2019,RJ,Série A,9,265.9,9º Lugar
inocentes-de-belford-roxo,Inocentes de Belford Roxo,2020,RJ,Série A,4,268.8,4º Lugar
inocentes-de-belford-roxo,Inocentes de Belford Roxo,2022,RJ,Série Ouro,4,269.4,4º Lugar
inocentes-de-belford-roxo,Inocentes de Belford Roxo,2023,RJ,Série Ouro,3,269.4,3º Lugar
inocentes-de-belford-roxo,Inocentes de Belford Roxo,2024,RJ,Série Ouro,6,269.4,6º Lugar
inocentes-de-belford-roxo,Inocentes de Belford Roxo,2025,RJ,Série Ouro,10,267.1,10º Lugar
inocentes-de-belford-roxo,Inocentes de Belford Roxo,2026,RJ,Série Ouro,14,267,14º Lugar
mancha-verde,Mancha Verde,2000,SP,Grupo 3 Oeste,2,98.50,2º Lugar
mancha-verde,Mancha Verde,2001,SP,Grupo 2,1,199.5,Campeã
mancha-verde,Mancha Verde,2002,SP,Grupo 1A,1,295.5,Campeã
mancha-verde,Mancha Verde,2003,SP,Grupo de Acesso,3,199.00,3º Lugar
mancha-verde,Mancha Verde,2004,SP,Grupo de Acesso,1,200.00,Campeã
mancha-verde,Mancha Verde,2005,SP,Grupo Especial,12,286.00,12º Lugar
mancha-verde,Mancha Verde,2006,SP,Grupo Especial,7,296.50,7º Lugar
mancha-verde,Mancha Verde,2007,SP,Grupo Especial,11,287.50,11º Lugar
mancha-verde,Mancha Verde,2008,SP,Grupo Especial,7,88.50,7º Lugar
mancha-verde,Mancha Verde,2009,SP,Grupo Especial,10,353.25,10º Lugar
mancha-verde,Mancha Verde,2010,SP,Grupo Especial,4,269.00,4º Lugar
mancha-verde,Mancha Verde,2011,SP,Grupo Especial,4,268.75,4º Lugar
mancha-verde,Mancha Verde,2012,SP,Grupo Especial,4,159.5,4º Lugar
mancha-verde,Mancha Verde,2013,SP,Grupo Especial,13,267.6,13º Lugar
mancha-verde,Mancha Verde,2014,SP,Grupo de acesso,2,269.2,2º Lugar
mancha-verde,Mancha Verde,2015,SP,Grupo Especial,13,,13º Lugar
mancha-verde,Mancha Verde,2016,SP,Grupo de Acesso,1,,Campeã
mancha-verde,Mancha Verde,2017,SP,Grupo Especial,10,,10º Lugar
mancha-verde,Mancha Verde,2018,SP,Grupo Especial,3,,3º Lugar
mancha-verde,Mancha Verde,2019,SP,Grupo Especial,1,,Campeã
mancha-verde,Mancha Verde,2020,SP,Grupo Especial,2,,2º Lugar
mancha-verde,Mancha Verde,2022,SP,Grupo Especial,1,,Campeã
mancha-verde,Mancha Verde,2023,SP,Grupo Especial,2,,2º Lugar
mancha-verde,Mancha Verde,2024,SP,Grupo Especial,5,,5º Lugar
mancha-verde,Mancha Verde,2025,SP,Grupo Especial,14,268.9,14º Lugar
mancha-verde,Mancha Verde,2026,SP,Grupo de Acesso 1,3,,3º Lugar
mangueira,Estação Primeira de Mangueira,1932,RJ,Escolas de samba,1,,Campeã
mangueira,Estação Primeira de Mangueira,1933,RJ,Escolas de samba,1,,Campeã
mangueira,Estação Primeira de Mangueira,1934,RJ,Desfile organizado pelo Jornal O País,1,,Campeã
mangueira,Estação Primeira de Mangueira,1935,RJ,Escolas de samba,2,148,2º Lugar
mangueira,Estação Primeira de Mangueira,1936,RJ,Escolas de samba,2,38,2º Lugar
mangueira,Estação Primeira de Mangueira,1939,RJ,Escolas de samba,2,,2º Lugar
mangueira,Estação Primeira de Mangueira,1940,RJ,Escolas de samba,1,111,Campeã
mangueira,Estação Primeira de Mangueira,1941,RJ,Escolas de samba,2,393,2º Lugar
mangueira,Estação Primeira de Mangueira,1942,RJ,Escolas de samba,3,141,3º Lugar
mangueira,Estação Primeira de Mangueira,1943,RJ,Escolas de samba,2,,2º Lugar
mangueira,Estação Primeira de Mangueira,1944,RJ,Escolas de samba,2,,2º Lugar
mangueira,Estação Primeira de Mangueira,1945,RJ,Escolas de samba,2,,2º Lugar
mangueira,Estação Primeira de Mangueira,1946,RJ,Escolas de samba,2,72.4,2º Lugar
mangueira,Estação Primeira de Mangueira,1947,RJ,Escolas de samba,2,37.2,2º Lugar
mangueira,Estação Primeira de Mangueira,1948,RJ,Escolas de samba,4,125,4º Lugar
mangueira,Estação Primeira de Mangueira,1949,RJ,União Geral das Escolas de Samba do Brasil,1,,Campeã
mangueira,Estação Primeira de Mangueira,1950,RJ,União Cívica de Escolas de Samba,1,,Campeã
mangueira,Estação Primeira de Mangueira,1951,RJ,União Geral das Escolas de Samba do Brasil,3,,3º Lugar
mangueira,Estação Primeira de Mangueira,1953,RJ,Supercampeonato,3,341,3º Lugar
mangueira,Estação Primeira de Mangueira,1954,RJ,Supercampeonato,1,180,Campeã
mangueira,Estação Primeira de Mangueira,1955,RJ,Supercampeonato,2,172,2º Lugar
mangueira,Estação Primeira de Mangueira,1956,RJ,Supercampeonato,3,93,3º Lugar
mangueira,Estação Primeira de Mangueira,1957,RJ,Supercampeonato,3,89,3º Lugar
mangueira,Estação Primeira de Mangueira,1958,RJ,Supercampeonato,3,102.5,3º Lugar
mangueira,Estação Primeira de Mangueira,1959,RJ,Supercampeonato,4,94.5,4º Lugar
mangueira,Estação Primeira de Mangueira,1961,RJ,Supercampeonato,1,102.5,Campeã
mangueira,Estação Primeira de Mangueira,1962,RJ,Grupo 1,4,110.5,4º Lugar
mangueira,Estação Primeira de Mangueira,1963,RJ,Grupo 1,2,85,2º Lugar
mangueira,Estação Primeira de Mangueira,1964,RJ,Grupo 1,3,49,3º Lugar
mangueira,Estação Primeira de Mangueira,1965,RJ,Grupo 1,4,117,4º Lugar
mangueira,Estação Primeira de Mangueira,1966,RJ,Grupo 1,2,129,2º Lugar
mangueira,Estação Primeira de Mangueira,1967,RJ,Grupo 1,1,113,Campeã
mangueira,Estação Primeira de Mangueira,1968,RJ,Grupo 1,1,125,Campeã
mangueira,Estação Primeira de Mangueira,1969,RJ,Grupo 1,2,126,2º Lugar
mangueira,Estação Primeira de Mangueira,1970,RJ,Grupo 1,3,79,3º Lugar
mangueira,Estação Primeira de Mangueira,1971,RJ,Grupo 1,4,108,4º Lugar
mangueira,Estação Primeira de Mangueira,1972,RJ,Grupo 1,2,65,2º Lugar
mangueira,Estação Primeira de Mangueira,1973,RJ,Grupo 1,1,59,Campeã
mangueira,Estação Primeira de Mangueira,1974,RJ,Grupo 1,4,92,4º Lugar
mangueira,Estação Primeira de Mangueira,1975,RJ,Grupo 1,2,106,2º Lugar
mangueira,Estação Primeira de Mangueira,1976,RJ,Grupo 1,2,116,2º Lugar
mangueira,Estação Primeira de Mangueira,1977,RJ,Grupo 1,7,76,7º Lugar
mangueira,Estação Primeira de Mangueira,1978,RJ,Grupo 1,2,163,2º Lugar
mangueira,Estação Primeira de Mangueira,1979,RJ,Grupo 1-A,4,159,4º Lugar
mangueira,Estação Primeira de Mangueira,1980,RJ,Grupo 1-A,4,82,4º Lugar
mangueira,Estação Primeira de Mangueira,1981,RJ,Grupo 1-A,4,147,4º Lugar
mangueira,Estação Primeira de Mangueira,1982,RJ,Grupo 1-A,4,180,4º Lugar
mangueira,Estação Primeira de Mangueira,1983,RJ,Grupo 1-A,5,193,5º Lugar
mangueira,Estação Primeira de Mangueira,1984,RJ,Desfile de segunda-feira,1,208,Campeã
mangueira,Estação Primeira de Mangueira,1985,RJ,Grupo 1-A,9,197,9º Lugar
mangueira,Estação Primeira de Mangueira,1986,RJ,Grupo 1-A,1,214,Campeã
mangueira,Estação Primeira de Mangueira,1987,RJ,Grupo 1,1,224,Campeã
mangueira,Estação Primeira de Mangueira,1988,RJ,Grupo 1,2,223,2º Lugar
mangueira,Estação Primeira de Mangueira,1989,RJ,Grupo 1,11,197,11º Lugar
mangueira,Estação Primeira de Mangueira,1990,RJ,Grupo Especial,8,550,8º Lugar
mangueira,Estação Primeira de Mangueira,1991,RJ,Grupo Especial,12,269,12º Lugar
mangueira,Estação Primeira de Mangueira,1992,RJ,Grupo Especial,6,292,6º Lugar
mangueira,Estação Primeira de Mangueira,1993,RJ,Grupo Especial,5,292.5,5º Lugar
mangueira,Estação Primeira de Mangueira,1994,RJ,Grupo Especial,11,287,11º Lugar
mangueira,Estação Primeira de Mangueira,1995,RJ,Grupo Especial,6,297,6º Lugar
mangueira,Estação Primeira de Mangueira,1996,RJ,Grupo Especial,4,297.5,4º Lugar
mangueira,Estação Primeira de Mangueira,1997,RJ,Grupo Especial,3,178.5,3º Lugar
mangueira,Estação Primeira de Mangueira,1999,RJ,Grupo Especial,7,264,7º Lugar
mangueira,Estação Primeira de Mangueira,2000,RJ,Grupo Especial,7,289,7º Lugar
mangueira,Estação Primeira de Mangueira,2001,RJ,Grupo Especial,3,298.5,3º Lugar
mangueira,Estação Primeira de Mangueira,2002,RJ,Grupo Especial,1,399.5,Campeã
mangueira,Estação Primeira de Mangueira,2003,RJ,Grupo Especial,2,398.6,2º Lugar
mangueira,Estação Primeira de Mangueira,2004,RJ,Grupo Especial,3,387.9,3º Lugar
mangueira,Estação Primeira de Mangueira,2005,RJ,Grupo Especial,6,393.8,6º Lugar
mangueira,Estação Primeira de Mangueira,2006,RJ,Grupo Especial,4,397.1,4º Lugar
mangueira,Estação Primeira de Mangueira,2007,RJ,Grupo Especial,3,397.4,3º Lugar
mangueira,Estação Primeira de Mangueira,2008,RJ,Grupo Especial,10,393.9,10º Lugar
mangueira,Estação Primeira de Mangueira,2009,RJ,Grupo Especial,6,396.8,6º Lugar
mangueira,Estação Primeira de Mangueira,2010,RJ,Grupo Especial,6,297.6,6º Lugar
mangueira,Estação Primeira de Mangueira,2011,RJ,Grupo Especial,3,297.2,3º Lugar
mangueira,Estação Primeira de Mangueira,2012,RJ,Grupo Especial,7,297,7º Lugar
mangueira,Estação Primeira de Mangueira,2013,RJ,Grupo Especial,8,296.5,8º Lugar
mangueira,Estação Primeira de Mangueira,2014,RJ,Grupo Especial,8,296.2,8º Lugar
mangueira,Estação Primeira de Mangueira,2015,RJ,Grupo Especial,10,267.1,10º Lugar
mangueira,Estação Primeira de Mangueira,2016,RJ,Grupo Especial,1,269.8,Campeã
mangueira,Estação Primeira de Mangueira,2017,RJ,Grupo Especial,4,269.6,4º Lugar
mangueira,Estação Primeira de Mangueira,2018,RJ,Grupo Especial,5,269.3,5º Lugar
mangueira,Estação Primeira de Mangueira,2019,RJ,Grupo Especial,1,270,Campeã
mangueira,Estação Primeira de Mangueira,2020,RJ,Grupo Especial,6,268.9,6º Lugar
mangueira,Estação Primeira de Mangueira,2022,RJ,Grupo Especial,7,268.2,7º Lugar
mangueira,Estação Primeira de Mangueira,2023,RJ,Grupo Especial,5,269.1,5º Lugar
mangueira,Estação Primeira de Mangueira,2024,RJ,Grupo Especial,7,268.8,7º Lugar
mangueira,Estação Primeira de Mangueira,2025,RJ,Grupo Especial,6,269.4,6º Lugar
mangueira,Estação Primeira de Mangueira,2026,RJ,Grupo Especial,6,269.2,6º Lugar
mocidade-alegre,Mocidade Alegre,1969,SP,Blocos,1,,Campeã
mocidade-alegre,Mocidade Alegre,1970,SP,Grupo 2,1,103.0,Campeã
mocidade-alegre,Mocidade Alegre,1971,SP,Grupo 1,1,105.0,Campeã
mocidade-alegre,Mocidade Alegre,1972,SP,Grupo 1,1,106.0,Campeã
mocidade-alegre,Mocidade Alegre,1973,SP,Grupo 1,1,103.0,Campeã
mocidade-alegre,Mocidade Alegre,1974,SP,Grupo 1,3,92.0,3º Lugar
mocidade-alegre,Mocidade Alegre,1975,SP,Grupo 1,3,78.0,3º Lugar
mocidade-alegre,Mocidade Alegre,1976,SP,Grupo 1,4,78,4º Lugar
mocidade-alegre,Mocidade Alegre,1977,SP,Grupo 1,3,90.0,3º Lugar
mocidade-alegre,Mocidade Alegre,1978,SP,Grupo 1,3,81.0,3º Lugar
mocidade-alegre,Mocidade Alegre,1979,SP,Grupo 1,2,96.0,2º Lugar
mocidade-alegre,Mocidade Alegre,1980,SP,Grupo 1,1,95.00,Campeã
mocidade-alegre,Mocidade Alegre,1981,SP,Grupo 1,2,97.50,2º Lugar
mocidade-alegre,Mocidade Alegre,1982,SP,Grupo 1,5,82.00,5º Lugar
mocidade-alegre,Mocidade Alegre,1983,SP,Grupo 1,4,277.0,4º Lugar
mocidade-alegre,Mocidade Alegre,1984,SP,Grupo 1,5,181.00,5º Lugar
mocidade-alegre,Mocidade Alegre,1985,SP,Grupo 1,7,88.00,7º Lugar
mocidade-alegre,Mocidade Alegre,1986,SP,Grupo 1,4,86.00,4º Lugar
mocidade-alegre,Mocidade Alegre,1987,SP,Grupo 1,4,270.00,4º Lugar
mocidade-alegre,Mocidade Alegre,1988,SP,Grupo Especial,2,193.00,2º Lugar
mocidade-alegre,Mocidade Alegre,1989,SP,Grupo Especial,6,259.00,6º Lugar
mocidade-alegre,Mocidade Alegre,1990,SP,Grupo Especial,7,277.00,7º Lugar
mocidade-alegre,Mocidade Alegre,1991,SP,Grupo Especial,6,257.00,6º Lugar
mocidade-alegre,Mocidade Alegre,1992,SP,Grupo Especial,4,289.00,4º Lugar
mocidade-alegre,Mocidade Alegre,1993,SP,Grupo Especial,4,97.00,4º Lugar
mocidade-alegre,Mocidade Alegre,1994,SP,Grupo Especial,4,282.00,4º Lugar
mocidade-alegre,Mocidade Alegre,1995,SP,Grupo Especial,7,284.50,7º Lugar
mocidade-alegre,Mocidade Alegre,1996,SP,Grupo Especial,3,289.00,3º Lugar
mocidade-alegre,Mocidade Alegre,1997,SP,Grupo Especial,6,292.50,6º Lugar
mocidade-alegre,Mocidade Alegre,1998,SP,Grupo Especial,4,289.50,4º Lugar
mocidade-alegre,Mocidade Alegre,1999,SP,Grupo Especial,8,285.50,8º Lugar
mocidade-alegre,Mocidade Alegre,2000,SP,Grupo Especial,4,198.50,4º Lugar
mocidade-alegre,Mocidade Alegre,2001,SP,Grupo Especial,8,196.50,8º Lugar
mocidade-alegre,Mocidade Alegre,2002,SP,Grupo Especial,8,197.50,8º Lugar
mocidade-alegre,Mocidade Alegre,2003,SP,Grupo Especial,2,199.50,2º Lugar
mocidade-alegre,Mocidade Alegre,2004,SP,Grupo Especial,1,200.00,Campeã
mocidade-alegre,Mocidade Alegre,2005,SP,Grupo Especial,3,296.00,3º Lugar
mocidade-alegre,Mocidade Alegre,2006,SP,Grupo Especial,3,298.00,3º Lugar
mocidade-alegre,Mocidade Alegre,2007,SP,Grupo Especial,1,298.50,Campeã
mocidade-alegre,Mocidade Alegre,2008,SP,Grupo Especial,2,90.00,2º Lugar
mocidade-alegre,Mocidade Alegre,2009,SP,Grupo Especial,1,359.25,Campeã
mocidade-alegre,Mocidade Alegre,2010,SP,Grupo Especial,2,269.75,2º Lugar
mocidade-alegre,Mocidade Alegre,2011,SP,Grupo Especial,7,268.25,7º Lugar
mocidade-alegre,Mocidade Alegre,2012,SP,Grupo Especial,1,160,Campeã
mocidade-alegre,Mocidade Alegre,2013,SP,Grupo Especial,1,268.9,Campeã
mocidade-alegre,Mocidade Alegre,2014,SP,Grupo Especial,1,269.7,Campeã
mocidade-alegre,Mocidade Alegre,2015,SP,Grupo Especial,2,,2º Lugar
mocidade-alegre,Mocidade Alegre,2016,SP,Grupo Especial,3,,3º Lugar
mocidade-alegre,Mocidade Alegre,2017,SP,Grupo Especial,6,,6º Lugar
mocidade-alegre,Mocidade Alegre,2018,SP,Grupo Especial,2,,2º Lugar
mocidade-alegre,Mocidade Alegre,2019,SP,Grupo Especial,8,,8º Lugar
mocidade-alegre,Mocidade Alegre,2020,SP,Grupo Especial,3,,3º Lugar
mocidade-alegre,Mocidade Alegre,2022,SP,Grupo Especial,2,,2º Lugar
mocidade-alegre,Mocidade Alegre,2023,SP,Grupo Especial,1,,Campeã
mocidade-alegre,Mocidade Alegre,2024,SP,Grupo Especial,1,,Campeã
mocidade-alegre,Mocidade Alegre,2025,SP,Grupo Especial,4,269.7,4º Lugar
mocidade-alegre,Mocidade Alegre,2026,SP,Grupo Especial,1,269.8,Campeã
mocidade-independente,Mocidade Independente de Padre Miguel,1957,RJ,Campeonato,5,77,5º Lugar
mocidade-independente,Mocidade Independente de Padre Miguel,1958,RJ,Campeonato,1,70,Campeã
mocidade-independente,Mocidade Independente de Padre Miguel,1959,RJ,Supercampeonato,5,93,5º Lugar
mocidade-independente,Mocidade Independente de Padre Miguel,1960,RJ,Supercampeonato,3,68,3º Lugar
mocidade-independente,Mocidade Independente de Padre Miguel,1961,RJ,Supercampeonato,7,53.5,7º Lugar
mocidade-independente,Mocidade Independente de Padre Miguel,1962,RJ,Grupo 1,5,84.5,5º Lugar
mocidade-independente,Mocidade Independente de Padre Miguel,1963,RJ,Grupo 1,6,55,6º Lugar
mocidade-independente,Mocidade Independente de Padre Miguel,1964,RJ,Grupo 1,7,34,7º Lugar
mocidade-independente,Mocidade Independente de Padre Miguel,1965,RJ,Grupo 1,6,95,6º Lugar
mocidade-independente,Mocidade Independente de Padre Miguel,1966,RJ,Grupo 1,6,103,6º Lugar
mocidade-independente,Mocidade Independente de Padre Miguel,1967,RJ,Grupo 1,7,66,7º Lugar
mocidade-independente,Mocidade Independente de Padre Miguel,1968,RJ,Grupo 1,6,82,6º Lugar
mocidade-independente,Mocidade Independente de Padre Miguel,1969,RJ,Grupo 1,7,96,7º Lugar
mocidade-independente,Mocidade Independente de Padre Miguel,1970,RJ,Grupo 1,4,78,4º Lugar
mocidade-independente,Mocidade Independente de Padre Miguel,1971,RJ,Grupo 1,9,86,9º Lugar
mocidade-independente,Mocidade Independente de Padre Miguel,1972,RJ,Grupo 1,7,49,7º Lugar
mocidade-independente,Mocidade Independente de Padre Miguel,1973,RJ,Grupo 1,7,45,7º Lugar
mocidade-independente,Mocidade Independente de Padre Miguel,1974,RJ,Grupo 1,5,90,5º Lugar
mocidade-independente,Mocidade Independente de Padre Miguel,1975,RJ,Grupo 1,4,105,4º Lugar
mocidade-independente,Mocidade Independente de Padre Miguel,1976,RJ,Grupo 1,3,116,3º Lugar
mocidade-independente,Mocidade Independente de Padre Miguel,1977,RJ,Grupo 1,8,74,8º Lugar
mocidade-independente,Mocidade Independente de Padre Miguel,1978,RJ,Grupo 1,3,152,3º Lugar
mocidade-independente,Mocidade Independente de Padre Miguel,1979,RJ,Grupo 1-A,1,163,Campeã
mocidade-independente,Mocidade Independente de Padre Miguel,1980,RJ,Grupo 1-A,2,88,2º Lugar
mocidade-independente,Mocidade Independente de Padre Miguel,1981,RJ,Grupo 1-A,6,139,6º Lugar
mocidade-independente,Mocidade Independente de Padre Miguel,1982,RJ,Grupo 1-A,7,176,7º Lugar
mocidade-independente,Mocidade Independente de Padre Miguel,1983,RJ,Grupo 1-A,6,193,6º Lugar
mocidade-independente,Mocidade Independente de Padre Miguel,1984,RJ,Desfile de segunda-feira,2,201,2º Lugar
mocidade-independente,Mocidade Independente de Padre Miguel,1985,RJ,Grupo 1-A,1,218,Campeã
mocidade-independente,Mocidade Independente de Padre Miguel,1986,RJ,Grupo 1-A,7,201,7º Lugar
mocidade-independente,Mocidade Independente de Padre Miguel,1987,RJ,Grupo 1,2,223,2º Lugar
mocidade-independente,Mocidade Independente de Padre Miguel,1989,RJ,Grupo 1,7,203,7º Lugar
mocidade-independente,Mocidade Independente de Padre Miguel,1990,RJ,Grupo Especial,1,565,Campeã
mocidade-independente,Mocidade Independente de Padre Miguel,1991,RJ,Grupo Especial,1,297,Campeã
mocidade-independente,Mocidade Independente de Padre Miguel,1992,RJ,Grupo Especial,2,297,2º Lugar
mocidade-independente,Mocidade Independente de Padre Miguel,1993,RJ,Grupo Especial,4,295.5,4º Lugar
mocidade-independente,Mocidade Independente de Padre Miguel,1994,RJ,Grupo Especial,8,290,8º Lugar
mocidade-independente,Mocidade Independente de Padre Miguel,1995,RJ,Grupo Especial,4,299,4º Lugar
mocidade-independente,Mocidade Independente de Padre Miguel,1996,RJ,Grupo Especial,1,300,Campeã
mocidade-independente,Mocidade Independente de Padre Miguel,1997,RJ,Grupo Especial,2,179.5,2º Lugar
mocidade-independente,Mocidade Independente de Padre Miguel,1998,RJ,Grupo Especial,6,261.5,6º Lugar
mocidade-independente,Mocidade Independente de Padre Miguel,1999,RJ,Grupo Especial,4,266.5,4º Lugar
mocidade-independente,Mocidade Independente de Padre Miguel,2000,RJ,Grupo Especial,4,297.5,4º Lugar
mocidade-independente,Mocidade Independente de Padre Miguel,2001,RJ,Grupo Especial,7,287,7º Lugar
mocidade-independente,Mocidade Independente de Padre Miguel,2002,RJ,Grupo Especial,4,395,4º Lugar
mocidade-independente,Mocidade Independente de Padre Miguel,2003,RJ,Grupo Especial,5,394.3,5º Lugar
mocidade-independente,Mocidade Independente de Padre Miguel,2004,RJ,Grupo Especial,8,381.2,8º Lugar
mocidade-independente,Mocidade Independente de Padre Miguel,2005,RJ,Grupo Especial,9,388.7,9º Lugar
mocidade-independente,Mocidade Independente de Padre Miguel,2006,RJ,Grupo Especial,10,390.5,10º Lugar
mocidade-independente,Mocidade Independente de Padre Miguel,2007,RJ,Grupo Especial,11,391.1,11º Lugar
mocidade-independente,Mocidade Independente de Padre Miguel,2008,RJ,Grupo Especial,8,395.1,8º Lugar
mocidade-independente,Mocidade Independente de Padre Miguel,2009,RJ,Grupo Especial,11,391.5,11º Lugar
mocidade-independente,Mocidade Independente de Padre Miguel,2010,RJ,Grupo Especial,7,296.1,7º Lugar
mocidade-independente,Mocidade Independente de Padre Miguel,2011,RJ,Grupo Especial,7,295.5,7º Lugar
mocidade-independente,Mocidade Independente de Padre Miguel,2012,RJ,Grupo Especial,9,295.8,9º Lugar
mocidade-independente,Mocidade Independente de Padre Miguel,2013,RJ,Grupo Especial,11,293.5,11º Lugar
mocidade-independente,Mocidade Independente de Padre Miguel,2014,RJ,Grupo Especial,9,296,9º Lugar
mocidade-independente,Mocidade Independente de Padre Miguel,2015,RJ,Grupo Especial,7,268.5,7º Lugar
mocidade-independente,Mocidade Independente de Padre Miguel,2016,RJ,Grupo Especial,10,266.5,10º Lugar
mocidade-independente,Mocidade Independente de Padre Miguel,2017,RJ,Grupo Especial,1,269.8,Campeã
mocidade-independente,Mocidade Independente de Padre Miguel,2018,RJ,Grupo Especial,6,269.3,6º Lugar
mocidade-independente,Mocidade Independente de Padre Miguel,2019,RJ,Grupo Especial,6,269,6º Lugar
mocidade-independente,Mocidade Independente de Padre Miguel,2020,RJ,Grupo Especial,3,269.4,3º Lugar
mocidade-independente,Mocidade Independente de Padre Miguel,2022,RJ,Grupo Especial,8,268.2,8º Lugar
mocidade-independente,Mocidade Independente de Padre Miguel,2023,RJ,Grupo Especial,11,266.6,11º Lugar
mocidade-independente,Mocidade Independente de Padre Miguel,2024,RJ,Grupo Especial,10,267.2,10º Lugar
mocidade-independente,Mocidade Independente de Padre Miguel,2025,RJ,Grupo Especial,11,267.9,11º Lugar
mocidade-independente,Mocidade Independente de Padre Miguel,2026,RJ,Grupo Especial,11,267.4,11º Lugar
nene-de-vila-matilde,Nenê de Vila Matilde,1969,SP,Grupo 1,1,91.0,Campeã
nene-de-vila-matilde,Nenê de Vila Matilde,1970,SP,Grupo 1,1,102.0,Campeã
nene-de-vila-matilde,Nenê de Vila Matilde,1971,SP,Grupo 1,3,94.0,3º Lugar
nene-de-vila-matilde,Nenê de Vila Matilde,1972,SP,Grupo 1,4,91.0,4º Lugar
nene-de-vila-matilde,Nenê de Vila Matilde,1973,SP,Grupo 1,7,73.0,7º Lugar
nene-de-vila-matilde,Nenê de Vila Matilde,1974,SP,Grupo 1,4,77.0,4º Lugar
nene-de-vila-matilde,Nenê de Vila Matilde,1975,SP,Grupo 1,4,76.0,4º Lugar
nene-de-vila-matilde,Nenê de Vila Matilde,1976,SP,Grupo 1,6,63,6º Lugar
nene-de-vila-matilde,Nenê de Vila Matilde,1978,SP,Grupo 1,5,70.0,5º Lugar
nene-de-vila-matilde,Nenê de Vila Matilde,1979,SP,Grupo 1,3,95.0,3º Lugar
nene-de-vila-matilde,Nenê de Vila Matilde,1980,SP,Grupo 1,5,,5º Lugar
nene-de-vila-matilde,Nenê de Vila Matilde,1981,SP,Grupo 1,4,95.50,4º Lugar
nene-de-vila-matilde,Nenê de Vila Matilde,1982,SP,Grupo 1,2,92.00,2º Lugar
nene-de-vila-matilde,Nenê de Vila Matilde,1983,SP,Grupo 1,3,284.0,3º Lugar
nene-de-vila-matilde,Nenê de Vila Matilde,1984,SP,Grupo 1,3,192.00,3º Lugar
nene-de-vila-matilde,Nenê de Vila Matilde,1985,SP,Grupo 1,1,97.00,Campeã
nene-de-vila-matilde,Nenê de Vila Matilde,1986,SP,Grupo 1,3,91.00,3º Lugar
nene-de-vila-matilde,Nenê de Vila Matilde,1987,SP,Grupo 1,6,263.00,6º Lugar
nene-de-vila-matilde,Nenê de Vila Matilde,1988,SP,Grupo Especial,4,192.00,4º Lugar
nene-de-vila-matilde,Nenê de Vila Matilde,1989,SP,Grupo Especial,5,264.00,5º Lugar
nene-de-vila-matilde,Nenê de Vila Matilde,1990,SP,Grupo Especial,8,263.00,8º Lugar
nene-de-vila-matilde,Nenê de Vila Matilde,1991,SP,Grupo Especial,8,248.00,8º Lugar
nene-de-vila-matilde,Nenê de Vila Matilde,1992,SP,Grupo Especial,6,287.00,6º Lugar
nene-de-vila-matilde,Nenê de Vila Matilde,1993,SP,Grupo Especial,5,96.00,5º Lugar
nene-de-vila-matilde,Nenê de Vila Matilde,1994,SP,Grupo Especial,6,278.50,6º Lugar
nene-de-vila-matilde,Nenê de Vila Matilde,1995,SP,Grupo Especial,6,286.50,6º Lugar
nene-de-vila-matilde,Nenê de Vila Matilde,1996,SP,Grupo Especial,6,283.00,6º Lugar
nene-de-vila-matilde,Nenê de Vila Matilde,1997,SP,Grupo Especial,3,298.00,3º Lugar
nene-de-vila-matilde,Nenê de Vila Matilde,1998,SP,Grupo Especial,2,292.00,2º Lugar
nene-de-vila-matilde,Nenê de Vila Matilde,1999,SP,Grupo Especial,3,297.00,3º Lugar
nene-de-vila-matilde,Nenê de Vila Matilde,2000,SP,Grupo Especial,5,198.50,5º Lugar
nene-de-vila-matilde,Nenê de Vila Matilde,2001,SP,Grupo Especial,1,200.00,Campeã
nene-de-vila-matilde,Nenê de Vila Matilde,2002,SP,Grupo Especial,4,199.00,4º Lugar
nene-de-vila-matilde,Nenê de Vila Matilde,2003,SP,Grupo Especial,4,198.00,4º Lugar
nene-de-vila-matilde,Nenê de Vila Matilde,2004,SP,Grupo Especial,4,199.00,4º Lugar
nene-de-vila-matilde,Nenê de Vila Matilde,2005,SP,Grupo Especial,9,291.00,9º Lugar
nene-de-vila-matilde,Nenê de Vila Matilde,2006,SP,Grupo Especial,12,287.00,12º Lugar
nene-de-vila-matilde,Nenê de Vila Matilde,2007,SP,Grupo Especial,7,294.00,7º Lugar
nene-de-vila-matilde,Nenê de Vila Matilde,2008,SP,Grupo Especial,8,88.50,8º Lugar
nene-de-vila-matilde,Nenê de Vila Matilde,2009,SP,Grupo Especial,13,342.00,13º Lugar
nene-de-vila-matilde,Nenê de Vila Matilde,2010,SP,Grupo de Acesso,1,268.25,Campeã
nene-de-vila-matilde,Nenê de Vila Matilde,2011,SP,Grupo Especial,13,262.50,13º Lugar
nene-de-vila-matilde,Nenê de Vila Matilde,2012,SP,Grupo de Acesso,1,179.8,Campeã
nene-de-vila-matilde,Nenê de Vila Matilde,2013,SP,Grupo Especial,8,268.0,8º Lugar
nene-de-vila-matilde,Nenê de Vila Matilde,2014,SP,Grupo Especial,12,267.5,12º Lugar
nene-de-vila-matilde,Nenê de Vila Matilde,2015,SP,Grupo Especial,7,,7º Lugar
nene-de-vila-matilde,Nenê de Vila Matilde,2016,SP,Grupo Especial,9,,9º Lugar
nene-de-vila-matilde,Nenê de Vila Matilde,2017,SP,Grupo Especial,14,,14º Lugar
nene-de-vila-matilde,Nenê de Vila Matilde,2018,SP,Grupo de Acesso,4,,4º Lugar
nene-de-vila-matilde,Nenê de Vila Matilde,2019,SP,Grupo de acesso 1,3,,3º Lugar
nene-de-vila-matilde,Nenê de Vila Matilde,2020,SP,Grupo de Acesso 1,7,,7º Lugar
nene-de-vila-matilde,Nenê de Vila Matilde,2022,SP,Grupo de acesso 2,1,,Campeã
nene-de-vila-matilde,Nenê de Vila Matilde,2023,SP,Grupo de Acesso 1,3,,3º Lugar
nene-de-vila-matilde,Nenê de Vila Matilde,2024,SP,Grupo de Acesso 1,5,,5º Lugar
nene-de-vila-matilde,Nenê de Vila Matilde,2025,SP,Grupo de Acesso 1,3,,3º Lugar
nene-de-vila-matilde,Nenê de Vila Matilde,2026,SP,Grupo de Acesso 1,7,,7º Lugar
paraiso-do-tuiuti,Paraíso do Tuiuti,1956,RJ,Supercampeonato,11,56,11º Lugar
paraiso-do-tuiuti,Paraíso do Tuiuti,1957,RJ,Supercampeonato,17,40,17º Lugar
paraiso-do-tuiuti,Paraíso do Tuiuti,1958,RJ,Campeonato,3,51,3º Lugar
paraiso-do-tuiuti,Paraíso do Tuiuti,1959,RJ,Supercampeonato,15,71.5,15º Lugar
paraiso-do-tuiuti,Paraíso do Tuiuti,1960,RJ,Campeonato Câmara do DF,11,65,11º Lugar
paraiso-do-tuiuti,Paraíso do Tuiuti,1961,RJ,Desfile intermediário,14,59,14º Lugar
paraiso-do-tuiuti,Paraíso do Tuiuti,1963,RJ,Grupo 3,18,36,18º Lugar
paraiso-do-tuiuti,Paraíso do Tuiuti,1964,RJ,Grupo 3,3,50,3º Lugar
paraiso-do-tuiuti,Paraíso do Tuiuti,1965,RJ,Grupo 2,8,93,8º Lugar
paraiso-do-tuiuti,Paraíso do Tuiuti,1966,RJ,Grupo 2,15,,15º Lugar
paraiso-do-tuiuti,Paraíso do Tuiuti,1968,RJ,Grupo 3,1,108,Campeã
paraiso-do-tuiuti,Paraíso do Tuiuti,1969,RJ,Grupo 2,3,97,3º Lugar
paraiso-do-tuiuti,Paraíso do Tuiuti,1970,RJ,Grupo 2,7,68,7º Lugar
paraiso-do-tuiuti,Paraíso do Tuiuti,1971,RJ,Grupo 2,6,105,6º Lugar
paraiso-do-tuiuti,Paraíso do Tuiuti,1972,RJ,Grupo 2,3,61,3º Lugar
paraiso-do-tuiuti,Paraíso do Tuiuti,1973,RJ,Grupo 2,5,48,5º Lugar
paraiso-do-tuiuti,Paraíso do Tuiuti,1974,RJ,Grupo 2,12,74,12º Lugar
paraiso-do-tuiuti,Paraíso do Tuiuti,1975,RJ,Grupo 2,7,92,7º Lugar
paraiso-do-tuiuti,Paraíso do Tuiuti,1976,RJ,Grupo 2,8,82,8º Lugar
paraiso-do-tuiuti,Paraíso do Tuiuti,1977,RJ,Grupo 2,17,37,17º Lugar
paraiso-do-tuiuti,Paraíso do Tuiuti,1978,RJ,Grupo 3,6,79,6º Lugar
paraiso-do-tuiuti,Paraíso do Tuiuti,1979,RJ,Grupo 2-B,6,76,6º Lugar
paraiso-do-tuiuti,Paraíso do Tuiuti,1981,RJ,Grupo 2-A,9,75,9º Lugar
paraiso-do-tuiuti,Paraíso do Tuiuti,1982,RJ,Grupo 2-A,2,183,2º Lugar
paraiso-do-tuiuti,Paraíso do Tuiuti,1983,RJ,Grupo 1-B,8,189,8º Lugar
paraiso-do-tuiuti,Paraíso do Tuiuti,1984,RJ,Grupo 1-B,11,152,11º Lugar
paraiso-do-tuiuti,Paraíso do Tuiuti,1985,RJ,Grupo 2-A,3,208,3º Lugar
paraiso-do-tuiuti,Paraíso do Tuiuti,1986,RJ,Grupo 2-A,4,196,4º Lugar
paraiso-do-tuiuti,Paraíso do Tuiuti,1987,RJ,Grupo 3,1,225,Campeã
paraiso-do-tuiuti,Paraíso do Tuiuti,1988,RJ,Grupo 2,6,201,6º Lugar
paraiso-do-tuiuti,Paraíso do Tuiuti,1989,RJ,Grupo 2,6,186,6º Lugar
paraiso-do-tuiuti,Paraíso do Tuiuti,1990,RJ,Grupo 1,9,188,9º Lugar
paraiso-do-tuiuti,Paraíso do Tuiuti,1991,RJ,Grupo 1,11,91,11º Lugar
paraiso-do-tuiuti,Paraíso do Tuiuti,1992,RJ,Grupo 2,10,154,10º Lugar
paraiso-do-tuiuti,Paraíso do Tuiuti,1993,RJ,Grupo 2,11,171,11º Lugar
paraiso-do-tuiuti,Paraíso do Tuiuti,1994,RJ,Grupo 2,10,195,10º Lugar
paraiso-do-tuiuti,Paraíso do Tuiuti,1995,RJ,Grupo B,5,,5º Lugar
paraiso-do-tuiuti,Paraíso do Tuiuti,1996,RJ,Grupo C,3,213,3º Lugar
paraiso-do-tuiuti,Paraíso do Tuiuti,1997,RJ,Grupo C,1,191,Campeã
paraiso-do-tuiuti,Paraíso do Tuiuti,1998,RJ,Grupo B,4,169.5,4º Lugar
paraiso-do-tuiuti,Paraíso do Tuiuti,1999,RJ,Grupo B,3,169,3º Lugar
paraiso-do-tuiuti,Paraíso do Tuiuti,2000,RJ,Grupo A,2,195.5,2º Lugar
paraiso-do-tuiuti,Paraíso do Tuiuti,2001,RJ,Grupo Especial,14,260,14º Lugar
paraiso-do-tuiuti,Paraíso do Tuiuti,2002,RJ,Grupo A,4,196.6,4º Lugar
paraiso-do-tuiuti,Paraíso do Tuiuti,2003,RJ,Grupo A,4,175.5,4º Lugar
paraiso-do-tuiuti,Paraíso do Tuiuti,2004,RJ,Grupo A,8,177.9,8º Lugar
paraiso-do-tuiuti,Paraíso do Tuiuti,2005,RJ,Grupo A,9,174.8,9º Lugar
paraiso-do-tuiuti,Paraíso do Tuiuti,2006,RJ,Grupo B,2,239.6,2º Lugar
paraiso-do-tuiuti,Paraíso do Tuiuti,2007,RJ,Grupo B,3,239.6,3º Lugar
paraiso-do-tuiuti,Paraíso do Tuiuti,2008,RJ,Grupo B,2,239.4,2º Lugar
paraiso-do-tuiuti,Paraíso do Tuiuti,2009,RJ,Grupo A,7,236.8,7º Lugar
paraiso-do-tuiuti,Paraíso do Tuiuti,2010,RJ,Grupo A,12,262.7,12º Lugar
paraiso-do-tuiuti,Paraíso do Tuiuti,2011,RJ,Grupo B,1,299.4,Campeã
paraiso-do-tuiuti,Paraíso do Tuiuti,2012,RJ,Grupo A,9,296,9º Lugar
paraiso-do-tuiuti,Paraíso do Tuiuti,2013,RJ,Série A,13,296.7,13º Lugar
paraiso-do-tuiuti,Paraíso do Tuiuti,2014,RJ,Série A,8,297.5,8º Lugar
paraiso-do-tuiuti,Paraíso do Tuiuti,2015,RJ,Série A,5,298.8,5º Lugar
paraiso-do-tuiuti,Paraíso do Tuiuti,2016,RJ,Série A,1,269.9,Campeã
paraiso-do-tuiuti,Paraíso do Tuiuti,2017,RJ,Grupo Especial,12,264.6,12º Lugar
paraiso-do-tuiuti,Paraíso do Tuiuti,2018,RJ,Grupo Especial,2,269.5,2º Lugar
paraiso-do-tuiuti,Paraíso do Tuiuti,2019,RJ,Grupo Especial,8,268.5,8º Lugar
paraiso-do-tuiuti,Paraíso do Tuiuti,2020,RJ,Grupo Especial,11,266.2,11º Lugar
paraiso-do-tuiuti,Paraíso do Tuiuti,2022,RJ,Grupo Especial,11,266.4,11º Lugar
paraiso-do-tuiuti,Paraíso do Tuiuti,2023,RJ,Grupo Especial,8,268.3,8º Lugar
paraiso-do-tuiuti,Paraíso do Tuiuti,2024,RJ,Grupo Especial,9,268.3,9º Lugar
paraiso-do-tuiuti,Paraíso do Tuiuti,2025,RJ,Grupo Especial,10,268.7,10º Lugar
paraiso-do-tuiuti,Paraíso do Tuiuti,2026,RJ,Grupo Especial,9,268.5,9º Lugar
perola-negra,Pérola Negra,1974,SP,Grupo 3,1,67.0,Campeã
perola-negra,Pérola Negra,1975,SP,Grupo 2,1,82.0,Campeã
perola-negra,Pérola Negra,1976,SP,Grupo 1,5,65,5º Lugar
perola-negra,Pérola Negra,1977,SP,Grupo 1,6,77.0,6º Lugar
perola-negra,Pérola Negra,1978,SP,Grupo 1,6,67.0,6º Lugar
perola-negra,Pérola Negra,1979,SP,Grupo 1,5,88.0,5º Lugar
perola-negra,Pérola Negra,1980,SP,Grupo 1,6,76.00,6º Lugar
perola-negra,Pérola Negra,1981,SP,Grupo 1,9,79.50,9º Lugar
perola-negra,Pérola Negra,1982,SP,Grupo 2,2,91.00,2º Lugar
perola-negra,Pérola Negra,1983,SP,Grupo 1,10,233.0,10º Lugar
perola-negra,Pérola Negra,1984,SP,Grupo 2,5,278.00,5º Lugar
perola-negra,Pérola Negra,1985,SP,Grupo 2,6,170.00,6º Lugar
perola-negra,Pérola Negra,1986,SP,Grupo 2,8,71.00,8º Lugar
perola-negra,Pérola Negra,1987,SP,Grupo 2,10,67.00,10º Lugar
perola-negra,Pérola Negra,1988,SP,Grupo 2,1,108.00,Campeã
perola-negra,Pérola Negra,1989,SP,Grupo 1,1,193.00,Campeã
perola-negra,Pérola Negra,1990,SP,Grupo Especial,10,221.00,10º Lugar
perola-negra,Pérola Negra,1991,SP,Grupo 1,4,,4º Lugar
perola-negra,Pérola Negra,1992,SP,Grupo 1,4,,4º Lugar
perola-negra,Pérola Negra,1993,SP,Grupo 1,3,,3º Lugar
perola-negra,Pérola Negra,1994,SP,Grupo 1,4,,4º Lugar
perola-negra,Pérola Negra,1995,SP,Grupo 1,2,98.00,2º Lugar
perola-negra,Pérola Negra,1996,SP,Grupo Especial,10,262.50,10º Lugar
perola-negra,Pérola Negra,1997,SP,Grupo 1,3,287.00,3º Lugar
perola-negra,Pérola Negra,1998,SP,Grupo 1,3,290.00,3º Lugar
perola-negra,Pérola Negra,1999,SP,Grupo 1,4,,4º Lugar
perola-negra,Pérola Negra,2000,SP,Grupo de Acesso,1,199.00,Campeã
perola-negra,Pérola Negra,2001,SP,Grupo Especial,14,180.50,14º Lugar
perola-negra,Pérola Negra,2002,SP,Grupo de Acesso,3,295.00,3º Lugar
perola-negra,Pérola Negra,2003,SP,Grupo de Acesso,6,197.50,6º Lugar
perola-negra,Pérola Negra,2004,SP,Grupo de Acesso,4,194.50,4º Lugar
perola-negra,Pérola Negra,2005,SP,Grupo de Acesso,3,291.50,3º Lugar
perola-negra,Pérola Negra,2006,SP,Grupo de Acesso,2,296.75,2º Lugar
perola-negra,Pérola Negra,2007,SP,Grupo Especial,12,287.50,12º Lugar
perola-negra,Pérola Negra,2008,SP,Grupo Especial,10,87.50,10º Lugar
perola-negra,Pérola Negra,2009,SP,Grupo Especial,9,353.25,9º Lugar
perola-negra,Pérola Negra,2010,SP,Grupo Especial,10,268.00,10º Lugar
perola-negra,Pérola Negra,2011,SP,Grupo Especial,11,266.00,11º Lugar
perola-negra,Pérola Negra,2012,SP,Grupo Especial,13,158.1,13º Lugar
perola-negra,Pérola Negra,2013,SP,Grupo de acesso,1,269.6,Campeã
perola-negra,Pérola Negra,2014,SP,Grupo Especial,13,267.1,13º Lugar
perola-negra,Pérola Negra,2015,SP,Grupo de Acesso,2,,2º Lugar
perola-negra,Pérola Negra,2016,SP,Grupo Especial,13,,13º Lugar
perola-negra,Pérola Negra,2017,SP,Grupo de Acesso,6,,6º Lugar
perola-negra,Pérola Negra,2018,SP,Grupo de Acesso,5,,5º Lugar
perola-negra,Pérola Negra,2019,SP,Grupo de acesso 1,1,,Campeã
perola-negra,Pérola Negra,2020,SP,Grupo Especial,14,,14º Lugar
perola-negra,Pérola Negra,2022,SP,Grupo de acesso 1,3,,3º Lugar
perola-negra,Pérola Negra,2023,SP,Grupo de Acesso 1,6,,6º Lugar
perola-negra,Pérola Negra,2024,SP,Grupo de Acesso 1,8,,8º Lugar
perola-negra,Pérola Negra,2025,SP,Grupo de Acesso 2,1,,Campeã
perola-negra,Pérola Negra,2026,SP,Grupo de Acesso 1,2,,2º Lugar
portela,Portela,1934,RJ,Desfile organizado pelo Jornal O País,2,,2º Lugar
portela,Portela,1935,RJ,Escolas de samba,1,158,Campeã
portela,Portela,1936,RJ,Escolas de samba,3,37,3º Lugar
portela,Portela,1937,RJ,Escolas de samba,2,175,2º Lugar
portela,Portela,1939,RJ,Escolas de samba,1,,Campeã
portela,Portela,1940,RJ,Escolas de samba,5,83,5º Lugar
portela,Portela,1941,RJ,Escolas de samba,1,410,Campeã
portela,Portela,1942,RJ,Escolas de samba,1,178,Campeã
portela,Portela,1943,RJ,Escolas de samba,1,,Campeã
portela,Portela,1944,RJ,Escolas de samba,1,,Campeã
portela,Portela,1945,RJ,Escolas de samba,1,,Campeã
portela,Portela,1946,RJ,Escolas de samba,1,80.6,Campeã
portela,Portela,1947,RJ,Escolas de samba,1,39,Campeã
portela,Portela,1948,RJ,Escolas de samba,3,126,3º Lugar
portela,Portela,1949,RJ,União Geral das Escolas de Samba do Brasil,2,,2º Lugar
portela,Portela,1950,RJ,União Cívica de Escolas de Samba,2,,2º Lugar
portela,Portela,1951,RJ,União Geral das Escolas de Samba do Brasil,1,,Campeã
portela,Portela,1953,RJ,Supercampeonato,1,400,Campeã
portela,Portela,1954,RJ,Supercampeonato,4,161,4º Lugar
portela,Portela,1955,RJ,Supercampeonato,3,163,3º Lugar
portela,Portela,1956,RJ,Supercampeonato,2,96,2º Lugar
portela,Portela,1957,RJ,Supercampeonato,1,103,Campeã
portela,Portela,1958,RJ,Supercampeonato,1,106.5,Campeã
portela,Portela,1959,RJ,Supercampeonato,1,102.5,Campeã
portela,Portela,1960,RJ,Supercampeonato,1,100,Campeã
portela,Portela,1961,RJ,Supercampeonato,3,95.5,3º Lugar
portela,Portela,1962,RJ,Grupo 1,1,126.5,Campeã
portela,Portela,1963,RJ,Grupo 1,4,80,4º Lugar
portela,Portela,1964,RJ,Grupo 1,1,59,Campeã
portela,Portela,1965,RJ,Grupo 1,3,122,3º Lugar
portela,Portela,1966,RJ,Grupo 1,1,130,Campeã
portela,Portela,1967,RJ,Grupo 1,6,83,6º Lugar
portela,Portela,1968,RJ,Grupo 1,4,103,4º Lugar
portela,Portela,1969,RJ,Grupo 1,3,118,3º Lugar
portela,Portela,1970,RJ,Grupo 1,1,88,Campeã
portela,Portela,1971,RJ,Grupo 1,2,116,2º Lugar
portela,Portela,1972,RJ,Grupo 1,3,63,3º Lugar
portela,Portela,1973,RJ,Grupo 1,4,53,4º Lugar
portela,Portela,1974,RJ,Grupo 1,2,93,2º Lugar
portela,Portela,1975,RJ,Grupo 1,5,103,5º Lugar
portela,Portela,1976,RJ,Grupo 1,4,108,4º Lugar
portela,Portela,1977,RJ,Grupo 1,2,85,2º Lugar
portela,Portela,1978,RJ,Grupo 1,5,148,5º Lugar
portela,Portela,1979,RJ,Grupo 1-A,3,160,3º Lugar
portela,Portela,1981,RJ,Grupo 1-A,3,158,3º Lugar
portela,Portela,1982,RJ,Grupo 1-A,2,185,2º Lugar
portela,Portela,1983,RJ,Grupo 1-A,2,201,2º Lugar
portela,Portela,1984,RJ,Desfile de domingo,1,203,Campeã
portela,Portela,1985,RJ,Grupo 1-A,4,206,4º Lugar
portela,Portela,1986,RJ,Grupo 1-A,4,207,4º Lugar
portela,Portela,1988,RJ,Grupo 1,5,211,5º Lugar
portela,Portela,1989,RJ,Grupo 1,6,206,6º Lugar
portela,Portela,1990,RJ,Grupo Especial,10,546,10º Lugar
portela,Portela,1991,RJ,Grupo Especial,6,290.5,6º Lugar
portela,Portela,1992,RJ,Grupo Especial,5,292.5,5º Lugar
portela,Portela,1993,RJ,Grupo Especial,10,280.5,10º Lugar
portela,Portela,1994,RJ,Grupo Especial,7,290.5,7º Lugar
portela,Portela,1995,RJ,Grupo Especial,2,299.5,2º Lugar
portela,Portela,1996,RJ,Grupo Especial,8,291.5,8º Lugar
portela,Portela,1997,RJ,Grupo Especial,8,174.5,8º Lugar
portela,Portela,1998,RJ,Grupo Especial,4,264,4º Lugar
portela,Portela,1999,RJ,Grupo Especial,8,256,8º Lugar
portela,Portela,2000,RJ,Grupo Especial,10,276,10º Lugar
portela,Portela,2001,RJ,Grupo Especial,10,280.5,10º Lugar
portela,Portela,2002,RJ,Grupo Especial,8,388.9,8º Lugar
portela,Portela,2003,RJ,Grupo Especial,8,390.4,8º Lugar
portela,Portela,2004,RJ,Grupo Especial,7,384.9,7º Lugar
portela,Portela,2005,RJ,Grupo Especial,13,383.9,13º Lugar
portela,Portela,2006,RJ,Grupo Especial,7,393.2,7º Lugar
portela,Portela,2007,RJ,Grupo Especial,8,394.8,8º Lugar
portela,Portela,2008,RJ,Grupo Especial,4,396.8,4º Lugar
portela,Portela,2009,RJ,Grupo Especial,3,397.9,3º Lugar
portela,Portela,2010,RJ,Grupo Especial,9,295.2,9º Lugar
portela,Portela,2012,RJ,Grupo Especial,6,297.2,6º Lugar
portela,Portela,2013,RJ,Grupo Especial,7,296.6,7º Lugar
portela,Portela,2014,RJ,Grupo Especial,3,299,3º Lugar
portela,Portela,2015,RJ,Grupo Especial,5,269,5º Lugar
portela,Portela,2016,RJ,Grupo Especial,3,269.7,3º Lugar
portela,Portela,2017,RJ,Grupo Especial,1,269.9,Campeã
portela,Portela,2018,RJ,Grupo Especial,4,269.4,4º Lugar
portela,Portela,2019,RJ,Grupo Especial,4,269.3,4º Lugar
portela,Portela,2020,RJ,Grupo Especial,7,268.8,7º Lugar
portela,Portela,2022,RJ,Grupo Especial,5,269.2,5º Lugar
portela,Portela,2023,RJ,Grupo Especial,10,267.7,10º Lugar
portela,Portela,2024,RJ,Grupo Especial,5,268.9,5º Lugar
portela,Portela,2025,RJ,Grupo Especial,5,269.4,5º Lugar
portela,Portela,2026,RJ,Grupo Especial,10,267.9,10º Lugar
rosas-de-ouro,Rosas de Ouro,1971,SP,Grupo 3,9,39.0,9º Lugar
rosas-de-ouro,Rosas de Ouro,1972,SP,Grupo 3,5,46.0,5º Lugar
rosas-de-ouro,Rosas de Ouro,1973,SP,Grupo 3,1,84.0,Campeã
rosas-de-ouro,Rosas de Ouro,1974,SP,Grupo 2,1,78.0,Campeã
rosas-de-ouro,Rosas de Ouro,1975,SP,Grupo 1,2,78.0,2º Lugar
rosas-de-ouro,Rosas de Ouro,1976,SP,Grupo 1,3,85,3º Lugar
rosas-de-ouro,Rosas de Ouro,1977,SP,Grupo 1,4,87.0,4º Lugar
rosas-de-ouro,Rosas de Ouro,1978,SP,Grupo 1,4,79.0,4º Lugar
rosas-de-ouro,Rosas de Ouro,1979,SP,Grupo 1,6,84.0,6º Lugar
rosas-de-ouro,Rosas de Ouro,1980,SP,Grupo 1,4,81.00,4º Lugar
rosas-de-ouro,Rosas de Ouro,1981,SP,Grupo 1,5,95.50,5º Lugar
rosas-de-ouro,Rosas de Ouro,1982,SP,Grupo 1,4,89.00,4º Lugar
rosas-de-ouro,Rosas de Ouro,1983,SP,Grupo 1,1,287.0,Campeã
rosas-de-ouro,Rosas de Ouro,1984,SP,Grupo 1,1,198.00,Campeã
rosas-de-ouro,Rosas de Ouro,1985,SP,Grupo 1,2,96.00,2º Lugar
rosas-de-ouro,Rosas de Ouro,1986,SP,Grupo 1,6,82.00,6º Lugar
rosas-de-ouro,Rosas de Ouro,1987,SP,Grupo 1,3,281.00,3º Lugar
rosas-de-ouro,Rosas de Ouro,1988,SP,Grupo Especial,6,186.00,6º Lugar
rosas-de-ouro,Rosas de Ouro,1989,SP,Grupo Especial,3,282.00,3º Lugar
rosas-de-ouro,Rosas de Ouro,1990,SP,Grupo Especial,1,294.00,Campeã
rosas-de-ouro,Rosas de Ouro,1991,SP,Grupo Especial,1,266.00,Campeã
rosas-de-ouro,Rosas de Ouro,1992,SP,Grupo Especial,1,294.00,Campeã
rosas-de-ouro,Rosas de Ouro,1993,SP,Grupo Especial,3,99.00,3º Lugar
rosas-de-ouro,Rosas de Ouro,1994,SP,Grupo Especial,1,289.00,Campeã
rosas-de-ouro,Rosas de Ouro,1995,SP,Grupo Especial,2,288.00,2º Lugar
rosas-de-ouro,Rosas de Ouro,1996,SP,Grupo Especial,2,294.00,2º Lugar
rosas-de-ouro,Rosas de Ouro,1997,SP,Grupo Especial,4,298.00,4º Lugar
rosas-de-ouro,Rosas de Ouro,1998,SP,Grupo Especial,6,288.00,6º Lugar
rosas-de-ouro,Rosas de Ouro,1999,SP,Grupo Especial,7,286.00,7º Lugar
rosas-de-ouro,Rosas de Ouro,2000,SP,Grupo Especial,6,198.50,6º Lugar
rosas-de-ouro,Rosas de Ouro,2001,SP,Grupo Especial,3,199.00,3º Lugar
rosas-de-ouro,Rosas de Ouro,2002,SP,Grupo Especial,3,199.50,3º Lugar
rosas-de-ouro,Rosas de Ouro,2003,SP,Grupo Especial,8,197.00,8º Lugar
rosas-de-ouro,Rosas de Ouro,2004,SP,Grupo Especial,5,199.00,5º Lugar
rosas-de-ouro,Rosas de Ouro,2005,SP,Grupo Especial,7,292.50,7º Lugar
rosas-de-ouro,Rosas de Ouro,2006,SP,Grupo Especial,5,297.00,5º Lugar
rosas-de-ouro,Rosas de Ouro,2007,SP,Grupo Especial,6,296.75,6º Lugar
rosas-de-ouro,Rosas de Ouro,2008,SP,Grupo Especial,4,89.75,4º Lugar
rosas-de-ouro,Rosas de Ouro,2009,SP,Grupo Especial,3,358.25,3º Lugar
rosas-de-ouro,Rosas de Ouro,2010,SP,Grupo Especial,1,270.00,Campeã
rosas-de-ouro,Rosas de Ouro,2011,SP,Grupo Especial,8,268.00,8º Lugar
rosas-de-ouro,Rosas de Ouro,2012,SP,Grupo Especial,2,159.8,2º Lugar
rosas-de-ouro,Rosas de Ouro,2013,SP,Grupo Especial,2,268.9,2º Lugar
rosas-de-ouro,Rosas de Ouro,2014,SP,Grupo Especial,2,269.4,2º Lugar
rosas-de-ouro,Rosas de Ouro,2015,SP,Grupo Especial,3,,3º Lugar
rosas-de-ouro,Rosas de Ouro,2016,SP,Grupo Especial,11,,11º Lugar
rosas-de-ouro,Rosas de Ouro,2017,SP,Grupo Especial,5,,5º Lugar
rosas-de-ouro,Rosas de Ouro,2018,SP,Grupo Especial,8,,8º Lugar
rosas-de-ouro,Rosas de Ouro,2019,SP,Grupo Especial,3,,3º Lugar
rosas-de-ouro,Rosas de Ouro,2020,SP,Grupo Especial,7,,7º Lugar
rosas-de-ouro,Rosas de Ouro,2022,SP,Grupo Especial,9,,9º Lugar
rosas-de-ouro,Rosas de Ouro,2023,SP,Grupo Especial,12,,12º Lugar
rosas-de-ouro,Rosas de Ouro,2024,SP,Grupo Especial,11,,11º Lugar
rosas-de-ouro,Rosas de Ouro,2025,SP,Grupo Especial,1,269.8,Campeã
rosas-de-ouro,Rosas de Ouro,2026,SP,Grupo Especial,13,268.4,13º Lugar
salgueiro,Acadêmicos do Salgueiro,1954,RJ,Supercampeonato,3,167,3º Lugar
salgueiro,Acadêmicos do Salgueiro,1955,RJ,Supercampeonato,4,152,4º Lugar
salgueiro,Acadêmicos do Salgueiro,1956,RJ,Supercampeonato,4,90,4º Lugar
salgueiro,Acadêmicos do Salgueiro,1957,RJ,Supercampeonato,4,87,4º Lugar
salgueiro,Acadêmicos do Salgueiro,1958,RJ,Supercampeonato,4,99,4º Lugar
salgueiro,Acadêmicos do Salgueiro,1959,RJ,Supercampeonato,2,101,2º Lugar
salgueiro,Acadêmicos do Salgueiro,1961,RJ,Supercampeonato,2,98.5,2º Lugar
salgueiro,Acadêmicos do Salgueiro,1962,RJ,Grupo 1,3,112.5,3º Lugar
salgueiro,Acadêmicos do Salgueiro,1963,RJ,Grupo 1,1,93,Campeã
salgueiro,Acadêmicos do Salgueiro,1964,RJ,Grupo 1,2,58,2º Lugar
salgueiro,Acadêmicos do Salgueiro,1965,RJ,Grupo 1,1,132,Campeã
salgueiro,Acadêmicos do Salgueiro,1966,RJ,Grupo 1,5,120,5º Lugar
salgueiro,Acadêmicos do Salgueiro,1967,RJ,Grupo 1,3,109,3º Lugar
salgueiro,Acadêmicos do Salgueiro,1968,RJ,Grupo 1,3,112,3º Lugar
salgueiro,Acadêmicos do Salgueiro,1969,RJ,Grupo 1,1,129,Campeã
salgueiro,Acadêmicos do Salgueiro,1970,RJ,Grupo 1,2,83,2º Lugar
salgueiro,Acadêmicos do Salgueiro,1971,RJ,Grupo 1,1,128,Campeã
salgueiro,Acadêmicos do Salgueiro,1972,RJ,Grupo 1,5,56,5º Lugar
salgueiro,Acadêmicos do Salgueiro,1973,RJ,Grupo 1,3,56,3º Lugar
salgueiro,Acadêmicos do Salgueiro,1974,RJ,Grupo 1,1,94,Campeã
salgueiro,Acadêmicos do Salgueiro,1975,RJ,Grupo 1,1,108,Campeã
salgueiro,Acadêmicos do Salgueiro,1976,RJ,Grupo 1,5,106,5º Lugar
salgueiro,Acadêmicos do Salgueiro,1977,RJ,Grupo 1,4,85,4º Lugar
salgueiro,Acadêmicos do Salgueiro,1978,RJ,Grupo 1,6,147,6º Lugar
salgueiro,Acadêmicos do Salgueiro,1979,RJ,Grupo 1-A,6,151,6º Lugar
salgueiro,Acadêmicos do Salgueiro,1980,RJ,Grupo 1-A,3,87,3º Lugar
salgueiro,Acadêmicos do Salgueiro,1981,RJ,Grupo 1-A,5,140,5º Lugar
salgueiro,Acadêmicos do Salgueiro,1982,RJ,Grupo 1-A,8,170,8º Lugar
salgueiro,Acadêmicos do Salgueiro,1983,RJ,Grupo 1-A,8,188,8º Lugar
salgueiro,Acadêmicos do Salgueiro,1984,RJ,Desfile de domingo,4,192,4º Lugar
salgueiro,Acadêmicos do Salgueiro,1985,RJ,Grupo 1-A,6,204,6º Lugar
salgueiro,Acadêmicos do Salgueiro,1986,RJ,Grupo 1-A,6,204,6º Lugar
salgueiro,Acadêmicos do Salgueiro,1987,RJ,Grupo 1,5,216,5º Lugar
salgueiro,Acadêmicos do Salgueiro,1988,RJ,Grupo 1,4,219,4º Lugar
salgueiro,Acadêmicos do Salgueiro,1989,RJ,Grupo 1,5,207,5º Lugar
salgueiro,Acadêmicos do Salgueiro,1990,RJ,Grupo Especial,3,564,3º Lugar
salgueiro,Acadêmicos do Salgueiro,1991,RJ,Grupo Especial,2,295.5,2º Lugar
salgueiro,Acadêmicos do Salgueiro,1992,RJ,Grupo Especial,4,294,4º Lugar
salgueiro,Acadêmicos do Salgueiro,1993,RJ,Grupo Especial,1,299.5,Campeã
salgueiro,Acadêmicos do Salgueiro,1994,RJ,Grupo Especial,2,295,2º Lugar
salgueiro,Acadêmicos do Salgueiro,1995,RJ,Grupo Especial,5,298.5,5º Lugar
salgueiro,Acadêmicos do Salgueiro,1996,RJ,Grupo Especial,5,297.5,5º Lugar
salgueiro,Acadêmicos do Salgueiro,1997,RJ,Grupo Especial,7,177,7º Lugar
salgueiro,Acadêmicos do Salgueiro,1998,RJ,Grupo Especial,7,261.5,7º Lugar
salgueiro,Acadêmicos do Salgueiro,1999,RJ,Grupo Especial,5,265,5º Lugar
salgueiro,Acadêmicos do Salgueiro,2000,RJ,Grupo Especial,6,290,6º Lugar
salgueiro,Acadêmicos do Salgueiro,2001,RJ,Grupo Especial,4,296.5,4º Lugar
salgueiro,Acadêmicos do Salgueiro,2002,RJ,Grupo Especial,6,392.9,6º Lugar
salgueiro,Acadêmicos do Salgueiro,2003,RJ,Grupo Especial,7,390.5,7º Lugar
salgueiro,Acadêmicos do Salgueiro,2004,RJ,Grupo Especial,6,386.2,6º Lugar
salgueiro,Acadêmicos do Salgueiro,2005,RJ,Grupo Especial,5,397.9,5º Lugar
salgueiro,Acadêmicos do Salgueiro,2006,RJ,Grupo Especial,11,388.9,11º Lugar
salgueiro,Acadêmicos do Salgueiro,2007,RJ,Grupo Especial,7,396.4,7º Lugar
salgueiro,Acadêmicos do Salgueiro,2008,RJ,Grupo Especial,2,398,2º Lugar
salgueiro,Acadêmicos do Salgueiro,2009,RJ,Grupo Especial,1,399,Campeã
salgueiro,Acadêmicos do Salgueiro,2010,RJ,Grupo Especial,5,297.9,5º Lugar
salgueiro,Acadêmicos do Salgueiro,2011,RJ,Grupo Especial,5,296.2,5º Lugar
salgueiro,Acadêmicos do Salgueiro,2012,RJ,Grupo Especial,2,299.7,2º Lugar
salgueiro,Acadêmicos do Salgueiro,2013,RJ,Grupo Especial,5,297.9,5º Lugar
salgueiro,Acadêmicos do Salgueiro,2014,RJ,Grupo Especial,2,299.3,2º Lugar
salgueiro,Acadêmicos do Salgueiro,2015,RJ,Grupo Especial,2,269.5,2º Lugar
salgueiro,Acadêmicos do Salgueiro,2016,RJ,Grupo Especial,4,269.5,4º Lugar
salgueiro,Acadêmicos do Salgueiro,2017,RJ,Grupo Especial,3,269.7,3º Lugar
salgueiro,Acadêmicos do Salgueiro,2018,RJ,Grupo Especial,3,269.5,3º Lugar
salgueiro,Acadêmicos do Salgueiro,2019,RJ,Grupo Especial,5,269.3,5º Lugar
salgueiro,Acadêmicos do Salgueiro,2020,RJ,Grupo Especial,5,269,5º Lugar
salgueiro,Acadêmicos do Salgueiro,2022,RJ,Grupo Especial,6,268.3,6º Lugar
salgueiro,Acadêmicos do Salgueiro,2023,RJ,Grupo Especial,7,268.5,7º Lugar
salgueiro,Acadêmicos do Salgueiro,2024,RJ,Grupo Especial,4,269,4º Lugar
salgueiro,Acadêmicos do Salgueiro,2025,RJ,Grupo Especial,7,269.2,7º Lugar
salgueiro,Acadêmicos do Salgueiro,2026,RJ,Grupo Especial,4,269.7,4º Lugar
sao-clemente,São Clemente,1962,RJ,Grupo 3,4,86,4º Lugar
sao-clemente,São Clemente,1963,RJ,Grupo 3,3,55,3º Lugar
sao-clemente,São Clemente,1964,RJ,Grupo 3,1,63,Campeã
sao-clemente,São Clemente,1965,RJ,Grupo 2,3,97,3º Lugar
sao-clemente,São Clemente,1966,RJ,Grupo 2,1,126,Campeã
sao-clemente,São Clemente,1967,RJ,Grupo 1,10,48,10º Lugar
sao-clemente,São Clemente,1968,RJ,Grupo 2,7,75,7º Lugar
sao-clemente,São Clemente,1970,RJ,Grupo 2,9,64,9º Lugar
sao-clemente,São Clemente,1971,RJ,Grupo 2,5,106,5º Lugar
sao-clemente,São Clemente,1972,RJ,Grupo 2,5,60,5º Lugar
sao-clemente,São Clemente,1973,RJ,Grupo 2,7,47,7º Lugar
sao-clemente,São Clemente,1974,RJ,Grupo 2,11,74,11º Lugar
sao-clemente,São Clemente,1975,RJ,Grupo 2,5,97,5º Lugar
sao-clemente,São Clemente,1976,RJ,Grupo 2,10,80,10º Lugar
sao-clemente,São Clemente,1977,RJ,Grupo 2,10,46,10º Lugar
sao-clemente,São Clemente,1978,RJ,Grupo 2,9,74,9º Lugar
sao-clemente,São Clemente,1979,RJ,Grupo 2-A,5,88,5º Lugar
sao-clemente,São Clemente,1980,RJ,Grupo 1-B,11,74,11º Lugar
sao-clemente,São Clemente,1981,RJ,Grupo 2-A,3,88,3º Lugar
sao-clemente,São Clemente,1982,RJ,Grupo 2-A,3,181,3º Lugar
sao-clemente,São Clemente,1983,RJ,Grupo 2-A,2,193,2º Lugar
sao-clemente,São Clemente,1984,RJ,Grupo 1-B,4,187,4º Lugar
sao-clemente,São Clemente,1985,RJ,Grupo 1-A,15,169,15º Lugar
sao-clemente,São Clemente,1986,RJ,Grupo 1-B,2,198,2º Lugar
sao-clemente,São Clemente,1987,RJ,Grupo 1,7,197,7º Lugar
sao-clemente,São Clemente,1988,RJ,Grupo 1,10,197,10º Lugar
sao-clemente,São Clemente,1989,RJ,Grupo 1,13,189,13º Lugar
sao-clemente,São Clemente,1990,RJ,Grupo Especial,6,559,6º Lugar
sao-clemente,São Clemente,1991,RJ,Grupo Especial,13,265.5,13º Lugar
sao-clemente,São Clemente,1992,RJ,Grupo 1,7,291,7º Lugar
sao-clemente,São Clemente,1993,RJ,Grupo 1,7,285,7º Lugar
sao-clemente,São Clemente,1994,RJ,Grupo 1,2,344,2º Lugar
sao-clemente,São Clemente,1995,RJ,Grupo Especial,17,261.5,17º Lugar
sao-clemente,São Clemente,1996,RJ,Grupo A,3,298,3º Lugar
sao-clemente,São Clemente,1997,RJ,Grupo A,3,178,3º Lugar
sao-clemente,São Clemente,1998,RJ,Grupo A,2,178,2º Lugar
sao-clemente,São Clemente,1999,RJ,Grupo Especial,14,233.5,14º Lugar
sao-clemente,São Clemente,2000,RJ,Grupo A,4,194,4º Lugar
sao-clemente,São Clemente,2001,RJ,Grupo A,2,193,2º Lugar
sao-clemente,São Clemente,2002,RJ,Grupo Especial,14,356.2,14º Lugar
sao-clemente,São Clemente,2003,RJ,Grupo A,1,180,Campeã
sao-clemente,São Clemente,2004,RJ,Grupo Especial,14,367.8,14º Lugar
sao-clemente,São Clemente,2005,RJ,Grupo A,3,178.4,3º Lugar
sao-clemente,São Clemente,2006,RJ,Grupo A,2,239.8,2º Lugar
sao-clemente,São Clemente,2007,RJ,Grupo A,1,239.7,Campeã
sao-clemente,São Clemente,2008,RJ,Grupo Especial,12,387.5,12º Lugar
sao-clemente,São Clemente,2009,RJ,Grupo A,4,238.5,4º Lugar
sao-clemente,São Clemente,2010,RJ,Grupo A,1,270,Campeã
sao-clemente,São Clemente,2011,RJ,Grupo Especial,9,290.9,9º Lugar
sao-clemente,São Clemente,2012,RJ,Grupo Especial,11,294.7,11º Lugar
sao-clemente,São Clemente,2013,RJ,Grupo Especial,10,293.5,10º Lugar
sao-clemente,São Clemente,2014,RJ,Grupo Especial,11,294.3,11º Lugar
sao-clemente,São Clemente,2015,RJ,Grupo Especial,8,268.4,8º Lugar
sao-clemente,São Clemente,2016,RJ,Grupo Especial,9,267.8,9º Lugar
sao-clemente,São Clemente,2017,RJ,Grupo Especial,9,267.4,9º Lugar
sao-clemente,São Clemente,2018,RJ,Grupo Especial,11,266.9,11º Lugar
sao-clemente,São Clemente,2019,RJ,Grupo Especial,12,267.4,12º Lugar
sao-clemente,São Clemente,2020,RJ,Grupo Especial,10,267,10º Lugar
sao-clemente,São Clemente,2022,RJ,Grupo Especial,12,263.7,12º Lugar
sao-clemente,São Clemente,2023,RJ,Série Ouro,7,269.1,7º Lugar
sao-clemente,São Clemente,2024,RJ,Série Ouro,5,269.4,5º Lugar
sao-clemente,São Clemente,2025,RJ,Série Ouro,12,266,12º Lugar
sao-clemente,São Clemente,2026,RJ,Classificação da noite,2,268.7,2º Lugar
tom-maior,Tom Maior,1974,SP,Grupo 3,2,46.0,2º Lugar
tom-maior,Tom Maior,1975,SP,Grupo 2,3,52.0,3º Lugar
tom-maior,Tom Maior,1976,SP,Grupo 2,2,86,2º Lugar
tom-maior,Tom Maior,1977,SP,Grupo 1,9,61.0,9º Lugar
tom-maior,Tom Maior,1978,SP,Grupo 1,11,42.0,11º Lugar
tom-maior,Tom Maior,1979,SP,Grupo 2,4,72.0,4º Lugar
tom-maior,Tom Maior,1980,SP,Grupo 2,6,69.0,6º Lugar
tom-maior,Tom Maior,1981,SP,Grupo 2,6,78.00,6º Lugar
tom-maior,Tom Maior,1982,SP,Grupo 2,9,63.00,9º Lugar
tom-maior,Tom Maior,1983,SP,Grupo 3,3,86.0,3º Lugar
tom-maior,Tom Maior,1984,SP,Grupo 3,4,166.00,4º Lugar
tom-maior,Tom Maior,1985,SP,Grupo 3,6,160.00,6º Lugar
tom-maior,Tom Maior,1986,SP,Grupo 3,5,82.00,5º Lugar
tom-maior,Tom Maior,1987,SP,Grupo 3,3,91.00,3º Lugar
tom-maior,Tom Maior,1988,SP,Grupo 2,6,96.00,6º Lugar
tom-maior,Tom Maior,1989,SP,Grupo 2,4,92.00,4º Lugar
tom-maior,Tom Maior,1990,SP,Grupo 2,6,190.00,6º Lugar
tom-maior,Tom Maior,1991,SP,Grupo 2,4,90.00,4º Lugar
tom-maior,Tom Maior,1992,SP,Grupo 2,1,99.00,Campeã
tom-maior,Tom Maior,1993,SP,Grupo 1,6,,6º Lugar
tom-maior,Tom Maior,1994,SP,Grupo 1,5,,5º Lugar
tom-maior,Tom Maior,1995,SP,Grupo 1,1,99.00,Campeã
tom-maior,Tom Maior,1996,SP,Grupo Especial,8,273.00,8º Lugar
tom-maior,Tom Maior,1997,SP,Grupo Especial,9,287.50,9º Lugar
tom-maior,Tom Maior,1998,SP,Grupo 1,5,289.00,5º Lugar
tom-maior,Tom Maior,1999,SP,Grupo 1,1,,Campeã
tom-maior,Tom Maior,2000,SP,Grupo Especial,13,190.00,13º Lugar
tom-maior,Tom Maior,2001,SP,Grupo de Acesso,5,290.50,5º Lugar
tom-maior,Tom Maior,2002,SP,Grupo de Acesso,5,290.50,5º Lugar
tom-maior,Tom Maior,2003,SP,Grupo de Acesso,4,198.50,4º Lugar
tom-maior,Tom Maior,2004,SP,Grupo de Acesso,2,199.00,2º Lugar
tom-maior,Tom Maior,2005,SP,Grupo Especial,14,279.50,14º Lugar
tom-maior,Tom Maior,2006,SP,Grupo Especial,10,289.25,10º Lugar
tom-maior,Tom Maior,2007,SP,Grupo Especial,8,294.00,8º Lugar
tom-maior,Tom Maior,2008,SP,Grupo Especial,5,89.00,5º Lugar
tom-maior,Tom Maior,2009,SP,Grupo Especial,11,349.00,11º Lugar
tom-maior,Tom Maior,2010,SP,Grupo Especial,12,259.50,12º Lugar
tom-maior,Tom Maior,2011,SP,Grupo Especial,9,267.75,9º Lugar
tom-maior,Tom Maior,2012,SP,Grupo Especial,7,159.3,7º Lugar
tom-maior,Tom Maior,2013,SP,Grupo Especial,12,267.7,12º Lugar
tom-maior,Tom Maior,2014,SP,Grupo Especial,7,268.8,7º Lugar
tom-maior,Tom Maior,2015,SP,Grupo Especial,14,,14º Lugar
tom-maior,Tom Maior,2016,SP,Grupo de Acesso,2,,2º Lugar
tom-maior,Tom Maior,2017,SP,Grupo Especial,12,,12º Lugar
tom-maior,Tom Maior,2018,SP,Grupo Especial,4,,4º Lugar
tom-maior,Tom Maior,2019,SP,Grupo Especial,12,,12º Lugar
tom-maior,Tom Maior,2020,SP,Grupo Especial,8,,8º Lugar
tom-maior,Tom Maior,2022,SP,Grupo Especial,4,,4º Lugar
tom-maior,Tom Maior,2023,SP,Grupo Especial,6,,6º Lugar
tom-maior,Tom Maior,2024,SP,Grupo Especial,13,,13º Lugar
tom-maior,Tom Maior,2025,SP,Grupo de Acesso 1,1,,Campeã
tom-maior,Tom Maior,2026,SP,Grupo Especial,6,269.4,6º Lugar
uniao-da-ilha,União da Ilha do Governador,1960,RJ,Campeonato Dep. de Turismo e Certames,3,70,3º Lugar
uniao-da-ilha,União da Ilha do Governador,1961,RJ,Desfile preliminar,2,102,2º Lugar
uniao-da-ilha,União da Ilha do Governador,1962,RJ,Grupo 2,14,73,14º Lugar
uniao-da-ilha,União da Ilha do Governador,1963,RJ,Grupo 3,10,42,10º Lugar
uniao-da-ilha,União da Ilha do Governador,1964,RJ,Grupo 3,10,,10º Lugar
uniao-da-ilha,União da Ilha do Governador,1965,RJ,Grupo 3,5,76,5º Lugar
uniao-da-ilha,União da Ilha do Governador,1966,RJ,Grupo 3,4,,4º Lugar
uniao-da-ilha,União da Ilha do Governador,1967,RJ,Grupo 3,3,95,3º Lugar
uniao-da-ilha,União da Ilha do Governador,1968,RJ,Grupo 3,11,66,11º Lugar
uniao-da-ilha,União da Ilha do Governador,1969,RJ,Grupo 3,5,96,5º Lugar
uniao-da-ilha,União da Ilha do Governador,1970,RJ,Grupo 3,2,77,2º Lugar
uniao-da-ilha,União da Ilha do Governador,1971,RJ,Grupo 2,14,92,14º Lugar
uniao-da-ilha,União da Ilha do Governador,1972,RJ,Grupo 2,8,59,8º Lugar
uniao-da-ilha,União da Ilha do Governador,1973,RJ,Grupo 2,9,43,9º Lugar
uniao-da-ilha,União da Ilha do Governador,1974,RJ,Grupo 2,1,95,Campeã
uniao-da-ilha,União da Ilha do Governador,1975,RJ,Grupo 1,9,83,9º Lugar
uniao-da-ilha,União da Ilha do Governador,1976,RJ,Grupo 1,9,93,9º Lugar
uniao-da-ilha,União da Ilha do Governador,1977,RJ,Grupo 1,3,85,3º Lugar
uniao-da-ilha,União da Ilha do Governador,1978,RJ,Grupo 1,4,150,4º Lugar
uniao-da-ilha,União da Ilha do Governador,1979,RJ,Grupo 1-A,5,154,5º Lugar
uniao-da-ilha,União da Ilha do Governador,1981,RJ,Grupo 1-A,7,138,7º Lugar
uniao-da-ilha,União da Ilha do Governador,1982,RJ,Grupo 1-A,5,180,5º Lugar
uniao-da-ilha,União da Ilha do Governador,1983,RJ,Grupo 1-A,7,190,7º Lugar
uniao-da-ilha,União da Ilha do Governador,1984,RJ,Desfile de domingo,5,188,5º Lugar
uniao-da-ilha,União da Ilha do Governador,1985,RJ,Grupo 1-A,12,176,12º Lugar
uniao-da-ilha,União da Ilha do Governador,1986,RJ,Grupo 1-A,5,205,5º Lugar
uniao-da-ilha,União da Ilha do Governador,1987,RJ,Grupo 1,9,190,9º Lugar
uniao-da-ilha,União da Ilha do Governador,1988,RJ,Grupo 1,6,210,6º Lugar
uniao-da-ilha,União da Ilha do Governador,1989,RJ,Grupo 1,3,209,3º Lugar
uniao-da-ilha,União da Ilha do Governador,1990,RJ,Grupo Especial,7,551,7º Lugar
uniao-da-ilha,União da Ilha do Governador,1991,RJ,Grupo Especial,9,281,9º Lugar
uniao-da-ilha,União da Ilha do Governador,1992,RJ,Grupo Especial,10,280,10º Lugar
uniao-da-ilha,União da Ilha do Governador,1993,RJ,Grupo Especial,11,279,11º Lugar
uniao-da-ilha,União da Ilha do Governador,1994,RJ,Grupo Especial,4,292.5,4º Lugar
uniao-da-ilha,União da Ilha do Governador,1995,RJ,Grupo Especial,11,288.5,11º Lugar
uniao-da-ilha,União da Ilha do Governador,1996,RJ,Grupo Especial,12,286,12º Lugar
uniao-da-ilha,União da Ilha do Governador,1997,RJ,Grupo Especial,12,166,12º Lugar
uniao-da-ilha,União da Ilha do Governador,1998,RJ,Grupo Especial,9,255,9º Lugar
uniao-da-ilha,União da Ilha do Governador,1999,RJ,Grupo Especial,10,253,10º Lugar
uniao-da-ilha,União da Ilha do Governador,2000,RJ,Grupo Especial,8,286.5,8º Lugar
uniao-da-ilha,União da Ilha do Governador,2001,RJ,Grupo Especial,13,274,13º Lugar
uniao-da-ilha,União da Ilha do Governador,2002,RJ,Grupo A,3,197.4,3º Lugar
uniao-da-ilha,União da Ilha do Governador,2003,RJ,Grupo A,2,177.9,2º Lugar
uniao-da-ilha,União da Ilha do Governador,2004,RJ,Grupo A,7,177.9,7º Lugar
uniao-da-ilha,União da Ilha do Governador,2005,RJ,Grupo A,2,178.9,2º Lugar
uniao-da-ilha,União da Ilha do Governador,2006,RJ,Grupo A,3,239.8,3º Lugar
uniao-da-ilha,União da Ilha do Governador,2007,RJ,Grupo A,4,238.8,4º Lugar
uniao-da-ilha,União da Ilha do Governador,2008,RJ,Grupo A,5,238.4,5º Lugar
uniao-da-ilha,União da Ilha do Governador,2009,RJ,Grupo A,1,239.9,Campeã
uniao-da-ilha,União da Ilha do Governador,2010,RJ,Grupo Especial,11,293.8,11º Lugar
uniao-da-ilha,União da Ilha do Governador,2012,RJ,Grupo Especial,8,296.2,8º Lugar
uniao-da-ilha,União da Ilha do Governador,2013,RJ,Grupo Especial,9,294.9,9º Lugar
uniao-da-ilha,União da Ilha do Governador,2014,RJ,Grupo Especial,4,298.4,4º Lugar
uniao-da-ilha,União da Ilha do Governador,2015,RJ,Grupo Especial,9,267.2,9º Lugar
uniao-da-ilha,União da Ilha do Governador,2016,RJ,Grupo Especial,11,265.8,11º Lugar
uniao-da-ilha,União da Ilha do Governador,2017,RJ,Grupo Especial,8,267.8,8º Lugar
uniao-da-ilha,União da Ilha do Governador,2018,RJ,Grupo Especial,10,267.3,10º Lugar
uniao-da-ilha,União da Ilha do Governador,2019,RJ,Grupo Especial,10,267.7,10º Lugar
uniao-da-ilha,União da Ilha do Governador,2020,RJ,Grupo Especial,13,264.2,13º Lugar
uniao-da-ilha,União da Ilha do Governador,2022,RJ,Série Ouro,3,269.4,3º Lugar
uniao-da-ilha,União da Ilha do Governador,2023,RJ,Série Ouro,6,269.2,6º Lugar
uniao-da-ilha,União da Ilha do Governador,2024,RJ,Série Ouro,7,269.3,7º Lugar
uniao-da-ilha,União da Ilha do Governador,2025,RJ,Série Ouro,4,268.9,4º Lugar
uniao-da-ilha,União da Ilha do Governador,2026,RJ,Série Ouro,4,268.8,4º Lugar
uniao-de-marica,União de Maricá,2016,RJ,Série C,4,268.4,4º Lugar
uniao-de-marica,União de Maricá,2017,RJ,Série C,9,268.5,9º Lugar
uniao-de-marica,União de Maricá,2018,RJ,Série C,1,269,Campeã
uniao-de-marica,União de Maricá,2019,RJ,Série B,4,269.1,4º Lugar
uniao-de-marica,União de Maricá,2020,RJ,Grupo Especial da Intendente Magalhães (LIESB),13,268.2,13º Lugar
uniao-de-marica,União de Maricá,2022,RJ,Segunda noite,4,269,4º Lugar
uniao-de-marica,União de Maricá,2023,RJ,Primeira noite,1,269.9,Campeã
uniao-de-marica,União de Maricá,2024,RJ,Série Ouro,4,269.5,4º Lugar
uniao-de-marica,União de Maricá,2025,RJ,Série Ouro,5,268.8,5º Lugar
uniao-de-marica,União de Maricá,2026,RJ,Série Ouro,1,269.4,Campeã
unidos-de-bangu,Unidos de Bangu,1957,RJ,Campeonato,1,93,Campeã
unidos-de-bangu,Unidos de Bangu,1958,RJ,Supercampeonato,12,80,12º Lugar
unidos-de-bangu,Unidos de Bangu,1959,RJ,Supercampeonato,8,82.5,8º Lugar
unidos-de-bangu,Unidos de Bangu,1960,RJ,Supercampeonato,8,51,8º Lugar
unidos-de-bangu,Unidos de Bangu,1961,RJ,Desfile intermediário,3,82,3º Lugar
unidos-de-bangu,Unidos de Bangu,1962,RJ,Grupo 2,1,101,Campeã
unidos-de-bangu,Unidos de Bangu,1963,RJ,Grupo 1,9,44,9º Lugar
unidos-de-bangu,Unidos de Bangu,1964,RJ,Grupo 2,13,34,13º Lugar
unidos-de-bangu,Unidos de Bangu,1965,RJ,Grupo 3,6,76,6º Lugar
unidos-de-bangu,Unidos de Bangu,1966,RJ,Grupo 3,5,65,5º Lugar
unidos-de-bangu,Unidos de Bangu,1967,RJ,Grupo 3,19,69,19º Lugar
unidos-de-bangu,Unidos de Bangu,1968,RJ,Grupo 3,9,69,9º Lugar
unidos-de-bangu,Unidos de Bangu,1969,RJ,Grupo 3,14,65,14º Lugar
unidos-de-bangu,Unidos de Bangu,1970,RJ,Grupo 3,7,63,7º Lugar
unidos-de-bangu,Unidos de Bangu,1971,RJ,Grupo 3,3,102,3º Lugar
unidos-de-bangu,Unidos de Bangu,1973,RJ,Grupo 3,3,51,3º Lugar
unidos-de-bangu,Unidos de Bangu,1974,RJ,Grupo 2,14,68,14º Lugar
unidos-de-bangu,Unidos de Bangu,1975,RJ,Grupo 2,11,88,11º Lugar
unidos-de-bangu,Unidos de Bangu,1976,RJ,Grupo 2,16,72,16º Lugar
unidos-de-bangu,Unidos de Bangu,1977,RJ,Grupo 3,5,48,5º Lugar
unidos-de-bangu,Unidos de Bangu,1978,RJ,Grupo 3,3,89,3º Lugar
unidos-de-bangu,Unidos de Bangu,1979,RJ,Grupo 2-A,6,85,6º Lugar
unidos-de-bangu,Unidos de Bangu,1980,RJ,Grupo 1-B,7,80,7º Lugar
unidos-de-bangu,Unidos de Bangu,1981,RJ,Grupo 1-B,7,152,7º Lugar
unidos-de-bangu,Unidos de Bangu,1982,RJ,Grupo 1-B,10,152,10º Lugar
unidos-de-bangu,Unidos de Bangu,1983,RJ,Grupo 1-B,5,193,5º Lugar
unidos-de-bangu,Unidos de Bangu,1984,RJ,Grupo 1-B,6,182,6º Lugar
unidos-de-bangu,Unidos de Bangu,1985,RJ,Grupo 1-B,7,210,7º Lugar
unidos-de-bangu,Unidos de Bangu,1986,RJ,Grupo 2-A,9,167,9º Lugar
unidos-de-bangu,Unidos de Bangu,1987,RJ,Grupo 3,8,193,8º Lugar
unidos-de-bangu,Unidos de Bangu,1988,RJ,Grupo 3,6,186,6º Lugar
unidos-de-bangu,Unidos de Bangu,1989,RJ,Grupo 3,9,172,9º Lugar
unidos-de-bangu,Unidos de Bangu,1990,RJ,Grupo 3,7,152,7º Lugar
unidos-de-bangu,Unidos de Bangu,1991,RJ,Grupo 3,5,200,5º Lugar
unidos-de-bangu,Unidos de Bangu,1992,RJ,Grupo 3,4,205,4º Lugar
unidos-de-bangu,Unidos de Bangu,1993,RJ,Grupo 3,5,188,5º Lugar
unidos-de-bangu,Unidos de Bangu,1994,RJ,Grupo 3,7,200,7º Lugar
unidos-de-bangu,Unidos de Bangu,1995,RJ,Grupo 1,6,,6º Lugar
unidos-de-bangu,Unidos de Bangu,1996,RJ,Grupo E,6,,6º Lugar
unidos-de-bangu,Unidos de Bangu,1997,RJ,Grupo E,6,97,6º Lugar
unidos-de-bangu,Unidos de Bangu,1998,RJ,Grupo E,5,130,5º Lugar
unidos-de-bangu,Unidos de Bangu,2013,RJ,Grupo C,2,299,2º Lugar
unidos-de-bangu,Unidos de Bangu,2014,RJ,Grupo B,1,299.6,Campeã
unidos-de-bangu,Unidos de Bangu,2015,RJ,Série A,14,291.9,14º Lugar
unidos-de-bangu,Unidos de Bangu,2016,RJ,Série B,6,268.7,6º Lugar
unidos-de-bangu,Unidos de Bangu,2017,RJ,Série B,1,269.1,Campeã
unidos-de-bangu,Unidos de Bangu,2018,RJ,Série A,12,264.3,12º Lugar
unidos-de-bangu,Unidos de Bangu,2019,RJ,Série A,8,266.3,8º Lugar
unidos-de-bangu,Unidos de Bangu,2020,RJ,Série A,10,267.1,10º Lugar
unidos-de-bangu,Unidos de Bangu,2022,RJ,Série Ouro,7,269.1,7º Lugar
unidos-de-bangu,Unidos de Bangu,2023,RJ,Série Ouro,9,268.8,9º Lugar
unidos-de-bangu,Unidos de Bangu,2024,RJ,Série Ouro,10,269,10º Lugar
unidos-de-bangu,Unidos de Bangu,2026,RJ,Série Ouro,12,268.1,12º Lugar
unidos-de-padre-miguel,Unidos de Padre Miguel,1959,RJ,Campeonato,1,86,Campeã
unidos-de-padre-miguel,Unidos de Padre Miguel,1960,RJ,Supercampeonato,5,59,5º Lugar
unidos-de-padre-miguel,Unidos de Padre Miguel,1961,RJ,Supercampeonato,10,49.5,10º Lugar
unidos-de-padre-miguel,Unidos de Padre Miguel,1962,RJ,Grupo 2,10,88,10º Lugar
unidos-de-padre-miguel,Unidos de Padre Miguel,1963,RJ,Grupo 2,2,50,2º Lugar
unidos-de-padre-miguel,Unidos de Padre Miguel,1964,RJ,Grupo 1,9,27,9º Lugar
unidos-de-padre-miguel,Unidos de Padre Miguel,1965,RJ,Grupo 2,12,66,12º Lugar
unidos-de-padre-miguel,Unidos de Padre Miguel,1966,RJ,Grupo 2,7,,7º Lugar
unidos-de-padre-miguel,Unidos de Padre Miguel,1967,RJ,Grupo 2,4,75,4º Lugar
unidos-de-padre-miguel,Unidos de Padre Miguel,1968,RJ,Grupo 2,8,73,8º Lugar
unidos-de-padre-miguel,Unidos de Padre Miguel,1969,RJ,Grupo 2,7,91,7º Lugar
unidos-de-padre-miguel,Unidos de Padre Miguel,1970,RJ,Grupo 2,2,81,2º Lugar
unidos-de-padre-miguel,Unidos de Padre Miguel,1971,RJ,Grupo 1,10,77,10º Lugar
unidos-de-padre-miguel,Unidos de Padre Miguel,1972,RJ,Grupo 1,12,39,12º Lugar
unidos-de-padre-miguel,Unidos de Padre Miguel,1973,RJ,Grupo 2,16,31,16º Lugar
unidos-de-padre-miguel,Unidos de Padre Miguel,1974,RJ,Grupo 3,1,90,Campeã
unidos-de-padre-miguel,Unidos de Padre Miguel,1975,RJ,Grupo 2,17,73,17º Lugar
unidos-de-padre-miguel,Unidos de Padre Miguel,1976,RJ,Grupo 2,18,70,18º Lugar
unidos-de-padre-miguel,Unidos de Padre Miguel,1977,RJ,Grupo 3,7,44,7º Lugar
unidos-de-padre-miguel,Unidos de Padre Miguel,1978,RJ,Grupo 3,5,85,5º Lugar
unidos-de-padre-miguel,Unidos de Padre Miguel,1979,RJ,Grupo 2-B,9,72,9º Lugar
unidos-de-padre-miguel,Unidos de Padre Miguel,1980,RJ,Grupo 2-B,5,77,5º Lugar
unidos-de-padre-miguel,Unidos de Padre Miguel,1981,RJ,Grupo 2-B,3,137,3º Lugar
unidos-de-padre-miguel,Unidos de Padre Miguel,1982,RJ,Grupo 2-B,7,152,7º Lugar
unidos-de-padre-miguel,Unidos de Padre Miguel,1983,RJ,Grupo 2-B,2,184,2º Lugar
unidos-de-padre-miguel,Unidos de Padre Miguel,1985,RJ,Grupo 1-B,10,197,10º Lugar
unidos-de-padre-miguel,Unidos de Padre Miguel,1986,RJ,Grupo 2-A,8,170,8º Lugar
unidos-de-padre-miguel,Unidos de Padre Miguel,1987,RJ,Grupo 3,10,183,10º Lugar
unidos-de-padre-miguel,Unidos de Padre Miguel,1988,RJ,Grupo 3,11,84,11º Lugar
unidos-de-padre-miguel,Unidos de Padre Miguel,1989,RJ,Grupo 3,10,165,10º Lugar
unidos-de-padre-miguel,Unidos de Padre Miguel,1991,RJ,Desfile de Avaliação,5,109,5º Lugar
unidos-de-padre-miguel,Unidos de Padre Miguel,1992,RJ,Desfile de Avaliação,6,97,6º Lugar
unidos-de-padre-miguel,Unidos de Padre Miguel,1993,RJ,Desfile de Avaliação,7,91,7º Lugar
unidos-de-padre-miguel,Unidos de Padre Miguel,1994,RJ,Desfile de Avaliação,7,104,7º Lugar
unidos-de-padre-miguel,Unidos de Padre Miguel,1995,RJ,Grupo 2,2,,2º Lugar
unidos-de-padre-miguel,Unidos de Padre Miguel,1996,RJ,Grupo C,11,168,11º Lugar
unidos-de-padre-miguel,Unidos de Padre Miguel,1997,RJ,Grupo D,8,95,8º Lugar
unidos-de-padre-miguel,Unidos de Padre Miguel,1998,RJ,Grupo D,7,176,7º Lugar
unidos-de-padre-miguel,Unidos de Padre Miguel,1999,RJ,Grupo D,4,168,4º Lugar
unidos-de-padre-miguel,Unidos de Padre Miguel,2000,RJ,Grupo C,5,188.5,5º Lugar
unidos-de-padre-miguel,Unidos de Padre Miguel,2001,RJ,Grupo C,12,166,12º Lugar
unidos-de-padre-miguel,Unidos de Padre Miguel,2002,RJ,Grupo D,12,173.7,12º Lugar
unidos-de-padre-miguel,Unidos de Padre Miguel,2003,RJ,Grupo E,6,169.3,6º Lugar
unidos-de-padre-miguel,Unidos de Padre Miguel,2004,RJ,Grupo E,2,183.1,2º Lugar
unidos-de-padre-miguel,Unidos de Padre Miguel,2005,RJ,Grupo D,1,178.8,Campeã
unidos-de-padre-miguel,Unidos de Padre Miguel,2006,RJ,Grupo C,1,160,Campeã
unidos-de-padre-miguel,Unidos de Padre Miguel,2007,RJ,Grupo B,6,238.7,6º Lugar
unidos-de-padre-miguel,Unidos de Padre Miguel,2008,RJ,Grupo B,3,239.3,3º Lugar
unidos-de-padre-miguel,Unidos de Padre Miguel,2010,RJ,Grupo A,11,263.3,11º Lugar
unidos-de-padre-miguel,Unidos de Padre Miguel,2011,RJ,Grupo B,3,298.1,3º Lugar
unidos-de-padre-miguel,Unidos de Padre Miguel,2012,RJ,Grupo B,3,298.9,3º Lugar
unidos-de-padre-miguel,Unidos de Padre Miguel,2013,RJ,Série A,7,298.2,7º Lugar
unidos-de-padre-miguel,Unidos de Padre Miguel,2014,RJ,Série A,3,298.8,3º Lugar
unidos-de-padre-miguel,Unidos de Padre Miguel,2015,RJ,Série A,2,299.4,2º Lugar
unidos-de-padre-miguel,Unidos de Padre Miguel,2016,RJ,Série A,2,269.2,2º Lugar
unidos-de-padre-miguel,Unidos de Padre Miguel,2017,RJ,Série A,4,268.9,4º Lugar
unidos-de-padre-miguel,Unidos de Padre Miguel,2018,RJ,Série A,2,269.4,2º Lugar
unidos-de-padre-miguel,Unidos de Padre Miguel,2019,RJ,Série A,6,266.9,6º Lugar
unidos-de-padre-miguel,Unidos de Padre Miguel,2020,RJ,Série A,2,269.6,2º Lugar
unidos-de-padre-miguel,Unidos de Padre Miguel,2022,RJ,Série Ouro,5,269.3,5º Lugar
unidos-de-padre-miguel,Unidos de Padre Miguel,2023,RJ,Série Ouro,2,269.5,2º Lugar
unidos-de-padre-miguel,Unidos de Padre Miguel,2024,RJ,Série Ouro,1,270,Campeã
unidos-de-padre-miguel,Unidos de Padre Miguel,2025,RJ,Grupo Especial,12,266.8,12º Lugar
unidos-de-padre-miguel,Unidos de Padre Miguel,2026,RJ,Série Ouro,3,269,3º Lugar
unidos-do-peruche,Unidos do Peruche,1969,SP,Grupo 1,2,88.0,2º Lugar
unidos-do-peruche,Unidos do Peruche,1970,SP,Grupo 1,2,98.0,2º Lugar
unidos-do-peruche,Unidos do Peruche,1971,SP,Grupo 1,2,95.0,2º Lugar
unidos-do-peruche,Unidos do Peruche,1972,SP,Grupo 1,6,78.0,6º Lugar
unidos-do-peruche,Unidos do Peruche,1973,SP,Grupo 1,6,74.0,6º Lugar
unidos-do-peruche,Unidos do Peruche,1974,SP,Grupo 1,6,76.0,6º Lugar
unidos-do-peruche,Unidos do Peruche,1975,SP,Grupo 1,7,56.0,7º Lugar
unidos-do-peruche,Unidos do Peruche,1976,SP,Grupo 1,8,60,8º Lugar
unidos-do-peruche,Unidos do Peruche,1977,SP,Grupo 1,10,58.0,10º Lugar
unidos-do-peruche,Unidos do Peruche,1978,SP,Grupo 1,9,59.0,9º Lugar
unidos-do-peruche,Unidos do Peruche,1979,SP,Grupo 1,9,79.0,9º Lugar
unidos-do-peruche,Unidos do Peruche,1980,SP,Grupo 1,9,64.00,9º Lugar
unidos-do-peruche,Unidos do Peruche,1981,SP,Grupo 2,1,91.00,Campeã
unidos-do-peruche,Unidos do Peruche,1982,SP,Grupo 1,7,75.00,7º Lugar
unidos-do-peruche,Unidos do Peruche,1983,SP,Grupo 1,8,250.0,8º Lugar
unidos-do-peruche,Unidos do Peruche,1984,SP,Grupo 1,7,166.00,7º Lugar
unidos-do-peruche,Unidos do Peruche,1985,SP,Grupo 1,5,91.00,5º Lugar
unidos-do-peruche,Unidos do Peruche,1986,SP,Grupo 1,5,84.00,5º Lugar
unidos-do-peruche,Unidos do Peruche,1987,SP,Grupo 1,5,269.00,5º Lugar
unidos-do-peruche,Unidos do Peruche,1988,SP,Grupo Especial,5,190.00,5º Lugar
unidos-do-peruche,Unidos do Peruche,1989,SP,Grupo Especial,2,283.00,2º Lugar
unidos-do-peruche,Unidos do Peruche,1990,SP,Grupo Especial,3,293.00,3º Lugar
unidos-do-peruche,Unidos do Peruche,1991,SP,Grupo Especial,5,260.00,5º Lugar
unidos-do-peruche,Unidos do Peruche,1992,SP,Grupo Especial,5,287.00,5º Lugar
unidos-do-peruche,Unidos do Peruche,1993,SP,Grupo Especial,9,89.00,9º Lugar
unidos-do-peruche,Unidos do Peruche,1994,SP,Grupo Especial,7,272.50,7º Lugar
unidos-do-peruche,Unidos do Peruche,1995,SP,Grupo Especial,8,282.50,8º Lugar
unidos-do-peruche,Unidos do Peruche,1996,SP,Grupo Especial,5,284.00,5º Lugar
unidos-do-peruche,Unidos do Peruche,1997,SP,Grupo Especial,8,288.50,8º Lugar
unidos-do-peruche,Unidos do Peruche,1998,SP,Grupo Especial,7,287.00,7º Lugar
unidos-do-peruche,Unidos do Peruche,1999,SP,Grupo Especial,10,282.00,10º Lugar
unidos-do-peruche,Unidos do Peruche,2000,SP,Grupo Especial,14,189.50,14º Lugar
unidos-do-peruche,Unidos do Peruche,2001,SP,Grupo de Acesso,2,298.00,2º Lugar
unidos-do-peruche,Unidos do Peruche,2002,SP,Grupo Especial,12,193.00,12º Lugar
unidos-do-peruche,Unidos do Peruche,2003,SP,Grupo Especial,13,192.00,13º Lugar
unidos-do-peruche,Unidos do Peruche,2004,SP,Grupo Especial,15,186.50,15º Lugar
unidos-do-peruche,Unidos do Peruche,2005,SP,Grupo de Acesso,2,294.00,2º Lugar
unidos-do-peruche,Unidos do Peruche,2006,SP,Grupo Especial,11,287.75,11º Lugar
unidos-do-peruche,Unidos do Peruche,2007,SP,Grupo Especial,13,285.25,13º Lugar
unidos-do-peruche,Unidos do Peruche,2008,SP,Grupo de Acesso,1,89.75,Campeã
unidos-do-peruche,Unidos do Peruche,2009,SP,Grupo Especial,14,339.00,14º Lugar
unidos-do-peruche,Unidos do Peruche,2010,SP,Grupo de Acesso,2,268.00,2º Lugar
unidos-do-peruche,Unidos do Peruche,2011,SP,Grupo Especial,14,247.25,14º Lugar
unidos-do-peruche,Unidos do Peruche,2012,SP,Grupo de Acesso,6,178.6,6º Lugar
unidos-do-peruche,Unidos do Peruche,2013,SP,Grupo de acesso,6,265.6,6º Lugar
unidos-do-peruche,Unidos do Peruche,2014,SP,Grupo de acesso,7,266.7,7º Lugar
unidos-do-peruche,Unidos do Peruche,2015,SP,Grupo de Acesso,1,,Campeã
unidos-do-peruche,Unidos do Peruche,2016,SP,Grupo Especial,12,,12º Lugar
unidos-do-peruche,Unidos do Peruche,2017,SP,Grupo Especial,11,,11º Lugar
unidos-do-peruche,Unidos do Peruche,2018,SP,Grupo Especial,12,,12º Lugar
unidos-do-peruche,Unidos do Peruche,2019,SP,Grupo de acesso 1,8,,8º Lugar
unidos-do-peruche,Unidos do Peruche,2020,SP,Grupo de Acesso 2,6,,6º Lugar
unidos-do-peruche,Unidos do Peruche,2022,SP,Grupo de acesso 2,2,,2º Lugar
unidos-do-peruche,Unidos do Peruche,2023,SP,Grupo de Acesso 2,3,,3º Lugar
unidos-do-peruche,Unidos do Peruche,2024,SP,Grupo de Acesso 2,6,,6º Lugar
unidos-do-peruche,Unidos do Peruche,2025,SP,Grupo de Acesso 2,3,,3º Lugar
unidos-do-peruche,Unidos do Peruche,2026,SP,Grupo de Acesso 2,8,,8º Lugar
vai-vai,Vai-Vai,1970,SP,Cordões,1,111.0,Campeã
vai-vai,Vai-Vai,1972,SP,Grupo 1,2,105.0,2º Lugar
vai-vai,Vai-Vai,1973,SP,Grupo 1,3,84.0,3º Lugar
vai-vai,Vai-Vai,1974,SP,Grupo 1,2,92.0,2º Lugar
vai-vai,Vai-Vai,1975,SP,Grupo 1,5,67.0,5º Lugar
vai-vai,Vai-Vai,1976,SP,Grupo 1,2,85,2º Lugar
vai-vai,Vai-Vai,1977,SP,Grupo 1,2,90.0,2º Lugar
vai-vai,Vai-Vai,1978,SP,Grupo 1,1,86.0,Campeã
vai-vai,Vai-Vai,1979,SP,Grupo 1,4,93.0,4º Lugar
vai-vai,Vai-Vai,1980,SP,Grupo 1,3,94.00,3º Lugar
vai-vai,Vai-Vai,1981,SP,Grupo 1,1,99.00,Campeã
vai-vai,Vai-Vai,1982,SP,Grupo 1,1,95.00,Campeã
vai-vai,Vai-Vai,1983,SP,Grupo 1,2,286.0,2º Lugar
vai-vai,Vai-Vai,1984,SP,Grupo 1,4,192.00,4º Lugar
vai-vai,Vai-Vai,1985,SP,Grupo 1,2,96.00,2º Lugar
vai-vai,Vai-Vai,1986,SP,Grupo 1,1,95.00,Campeã
vai-vai,Vai-Vai,1987,SP,Grupo 1,1,287.00,Campeã
vai-vai,Vai-Vai,1988,SP,Grupo Especial,1,196.00,Campeã
vai-vai,Vai-Vai,1989,SP,Grupo Especial,4,270.00,4º Lugar
vai-vai,Vai-Vai,1990,SP,Grupo Especial,4,291.00,4º Lugar
vai-vai,Vai-Vai,1991,SP,Grupo Especial,3,262.00,3º Lugar
vai-vai,Vai-Vai,1992,SP,Grupo Especial,2,291.00,2º Lugar
vai-vai,Vai-Vai,1993,SP,Grupo Especial,1,100.00,Campeã
vai-vai,Vai-Vai,1994,SP,Grupo Especial,8,265.00,8º Lugar
vai-vai,Vai-Vai,1995,SP,Grupo Especial,4,288.00,4º Lugar
vai-vai,Vai-Vai,1996,SP,Grupo Especial,1,295.50,Campeã
vai-vai,Vai-Vai,1997,SP,Grupo Especial,2,299.00,2º Lugar
vai-vai,Vai-Vai,1998,SP,Grupo Especial,1,298.50,Campeã
vai-vai,Vai-Vai,1999,SP,Grupo Especial,1,299.50,Campeã
vai-vai,Vai-Vai,2000,SP,Grupo Especial,1,199.50,Campeã
vai-vai,Vai-Vai,2001,SP,Grupo Especial,1,200.00,Campeã
vai-vai,Vai-Vai,2002,SP,Grupo Especial,5,198.50,5º Lugar
vai-vai,Vai-Vai,2003,SP,Grupo Especial,5,197.50,5º Lugar
vai-vai,Vai-Vai,2004,SP,Grupo Especial,11,196.00,11º Lugar
vai-vai,Vai-Vai,2005,SP,Grupo Especial,5,296.00,5º Lugar
vai-vai,Vai-Vai,2006,SP,Grupo Especial,2,298.25,2º Lugar
vai-vai,Vai-Vai,2007,SP,Grupo Especial,3,297.50,3º Lugar
vai-vai,Vai-Vai,2008,SP,Grupo Especial,1,90.00,Campeã
vai-vai,Vai-Vai,2009,SP,Grupo Especial,2,358.75,2º Lugar
vai-vai,Vai-Vai,2010,SP,Grupo Especial,3,269.25,3º Lugar
vai-vai,Vai-Vai,2011,SP,Grupo Especial,1,269.50,Campeã
vai-vai,Vai-Vai,2012,SP,Grupo Especial,3,159.7,3º Lugar
vai-vai,Vai-Vai,2013,SP,Grupo Especial,7,268.1,7º Lugar
vai-vai,Vai-Vai,2014,SP,Grupo Especial,9,268.2,9º Lugar
vai-vai,Vai-Vai,2015,SP,Grupo Especial,1,,Campeã
vai-vai,Vai-Vai,2016,SP,Grupo Especial,4,,4º Lugar
vai-vai,Vai-Vai,2017,SP,Grupo Especial,3,,3º Lugar
vai-vai,Vai-Vai,2018,SP,Grupo Especial,10,,10º Lugar
vai-vai,Vai-Vai,2019,SP,Grupo Especial,14,,14º Lugar
vai-vai,Vai-Vai,2020,SP,Grupo de Acesso 1,1,,Campeã
vai-vai,Vai-Vai,2022,SP,Grupo Especial,14,,14º Lugar
vai-vai,Vai-Vai,2023,SP,Grupo de Acesso 1,1,,Campeã
vai-vai,Vai-Vai,2024,SP,Grupo Especial,8,,8º Lugar
vai-vai,Vai-Vai,2025,SP,Grupo Especial,9,269.4,9º Lugar
vai-vai,Vai-Vai,2026,SP,Grupo Especial,12,268.6,12º Lugar
vila-isabel,Unidos de Vila Isabel,1947,RJ,Escolas de samba,12,,12º Lugar
vila-isabel,Unidos de Vila Isabel,1949,RJ,União Geral das Escolas de Samba do Brasil,8,,8º Lugar
vila-isabel,Unidos de Vila Isabel,1950,RJ,União Geral das Escolas de Samba do Brasil,4,,4º Lugar
vila-isabel,Unidos de Vila Isabel,1952,RJ,Campeonato,16,145,16º Lugar
vila-isabel,Unidos de Vila Isabel,1955,RJ,Campeonato,11,85,11º Lugar
vila-isabel,Unidos de Vila Isabel,1956,RJ,Campeonato,2,74,2º Lugar
vila-isabel,Unidos de Vila Isabel,1957,RJ,Supercampeonato,16,41.5,16º Lugar
vila-isabel,Unidos de Vila Isabel,1958,RJ,Campeonato,5,47,5º Lugar
vila-isabel,Unidos de Vila Isabel,1960,RJ,Campeonato Dep. de Turismo e Certames,1,78,Campeã
vila-isabel,Unidos de Vila Isabel,1961,RJ,Desfile intermediário,4,80,4º Lugar
vila-isabel,Unidos de Vila Isabel,1962,RJ,Grupo 2,8,92,8º Lugar
vila-isabel,Unidos de Vila Isabel,1963,RJ,Grupo 2,4,47,4º Lugar
vila-isabel,Unidos de Vila Isabel,1964,RJ,Grupo 2,3,62,3º Lugar
vila-isabel,Unidos de Vila Isabel,1965,RJ,Grupo 2,2,101,2º Lugar
vila-isabel,Unidos de Vila Isabel,1966,RJ,Grupo 1,4,120,4º Lugar
vila-isabel,Unidos de Vila Isabel,1967,RJ,Grupo 1,4,99,4º Lugar
vila-isabel,Unidos de Vila Isabel,1968,RJ,Grupo 1,8,76,8º Lugar
vila-isabel,Unidos de Vila Isabel,1969,RJ,Grupo 1,5,105,5º Lugar
vila-isabel,Unidos de Vila Isabel,1970,RJ,Grupo 1,5,77,5º Lugar
vila-isabel,Unidos de Vila Isabel,1971,RJ,Grupo 1,5,103,5º Lugar
vila-isabel,Unidos de Vila Isabel,1972,RJ,Grupo 1,6,52,6º Lugar
vila-isabel,Unidos de Vila Isabel,1973,RJ,Grupo 1,8,42,8º Lugar
vila-isabel,Unidos de Vila Isabel,1974,RJ,Grupo 1,10,67,10º Lugar
vila-isabel,Unidos de Vila Isabel,1975,RJ,Grupo 1,6,102,6º Lugar
vila-isabel,Unidos de Vila Isabel,1976,RJ,Grupo 1,6,105,6º Lugar
vila-isabel,Unidos de Vila Isabel,1977,RJ,Grupo 1,5,82,5º Lugar
vila-isabel,Unidos de Vila Isabel,1978,RJ,Grupo 1,8,115,8º Lugar
vila-isabel,Unidos de Vila Isabel,1979,RJ,Grupo 1-B,1,163,Campeã
vila-isabel,Unidos de Vila Isabel,1981,RJ,Grupo 1-A,9,130,9º Lugar
vila-isabel,Unidos de Vila Isabel,1982,RJ,Grupo 1-A,10,158,10º Lugar
vila-isabel,Unidos de Vila Isabel,1983,RJ,Grupo 1-A,9,183,9º Lugar
vila-isabel,Unidos de Vila Isabel,1984,RJ,Desfile de segunda-feira,5,183,5º Lugar
vila-isabel,Unidos de Vila Isabel,1985,RJ,Grupo 1-A,3,207,3º Lugar
vila-isabel,Unidos de Vila Isabel,1986,RJ,Grupo 1-A,11,186,11º Lugar
vila-isabel,Unidos de Vila Isabel,1988,RJ,Grupo 1,1,224,Campeã
vila-isabel,Unidos de Vila Isabel,1989,RJ,Grupo 1,4,207,4º Lugar
vila-isabel,Unidos de Vila Isabel,1990,RJ,Grupo Especial,12,529,12º Lugar
vila-isabel,Unidos de Vila Isabel,1991,RJ,Grupo Especial,11,274.5,11º Lugar
vila-isabel,Unidos de Vila Isabel,1992,RJ,Grupo Especial,12,270.5,12º Lugar
vila-isabel,Unidos de Vila Isabel,1993,RJ,Grupo Especial,8,287,8º Lugar
vila-isabel,Unidos de Vila Isabel,1994,RJ,Grupo Especial,9,289,9º Lugar
vila-isabel,Unidos de Vila Isabel,1995,RJ,Grupo Especial,9,294,9º Lugar
vila-isabel,Unidos de Vila Isabel,1996,RJ,Grupo Especial,7,292,7º Lugar
vila-isabel,Unidos de Vila Isabel,1997,RJ,Grupo Especial,9,173.5,9º Lugar
vila-isabel,Unidos de Vila Isabel,1998,RJ,Grupo Especial,12,246,12º Lugar
vila-isabel,Unidos de Vila Isabel,1999,RJ,Grupo Especial,11,251.5,11º Lugar
vila-isabel,Unidos de Vila Isabel,2000,RJ,Grupo Especial,13,272,13º Lugar
vila-isabel,Unidos de Vila Isabel,2001,RJ,Grupo A,4,191.5,4º Lugar
vila-isabel,Unidos de Vila Isabel,2002,RJ,Grupo A,2,199.3,2º Lugar
vila-isabel,Unidos de Vila Isabel,2003,RJ,Grupo A,3,176.9,3º Lugar
vila-isabel,Unidos de Vila Isabel,2004,RJ,Grupo A,1,180,Campeã
vila-isabel,Unidos de Vila Isabel,2005,RJ,Grupo Especial,10,386.8,10º Lugar
vila-isabel,Unidos de Vila Isabel,2006,RJ,Grupo Especial,1,397.6,Campeã
vila-isabel,Unidos de Vila Isabel,2007,RJ,Grupo Especial,6,396.6,6º Lugar
vila-isabel,Unidos de Vila Isabel,2008,RJ,Grupo Especial,9,394.6,9º Lugar
vila-isabel,Unidos de Vila Isabel,2009,RJ,Grupo Especial,4,397.6,4º Lugar
vila-isabel,Unidos de Vila Isabel,2010,RJ,Grupo Especial,4,298.1,4º Lugar
vila-isabel,Unidos de Vila Isabel,2011,RJ,Grupo Especial,4,297,4º Lugar
vila-isabel,Unidos de Vila Isabel,2012,RJ,Grupo Especial,3,299.5,3º Lugar
vila-isabel,Unidos de Vila Isabel,2013,RJ,Grupo Especial,1,299.7,Campeã
vila-isabel,Unidos de Vila Isabel,2014,RJ,Grupo Especial,10,295.9,10º Lugar
vila-isabel,Unidos de Vila Isabel,2015,RJ,Grupo Especial,11,266.2,11º Lugar
vila-isabel,Unidos de Vila Isabel,2016,RJ,Grupo Especial,8,267.9,8º Lugar
vila-isabel,Unidos de Vila Isabel,2017,RJ,Grupo Especial,10,267.4,10º Lugar
vila-isabel,Unidos de Vila Isabel,2018,RJ,Grupo Especial,9,268.1,9º Lugar
vila-isabel,Unidos de Vila Isabel,2019,RJ,Grupo Especial,3,269.4,3º Lugar
vila-isabel,Unidos de Vila Isabel,2020,RJ,Grupo Especial,8,268.6,8º Lugar
vila-isabel,Unidos de Vila Isabel,2022,RJ,Grupo Especial,4,269.3,4º Lugar
vila-isabel,Unidos de Vila Isabel,2023,RJ,Grupo Especial,3,269.3,3º Lugar
vila-isabel,Unidos de Vila Isabel,2024,RJ,Grupo Especial,6,268.8,6º Lugar
vila-isabel,Unidos de Vila Isabel,2025,RJ,Grupo Especial,8,269.1,8º Lugar
vila-isabel,Unidos de Vila Isabel,2026,RJ,Grupo Especial,3,269.9,3º Lugar
viradouro,Unidos do Viradouro,1965,RJ,Grupo 3,26,40,26º Lugar
viradouro,Unidos do Viradouro,1987,RJ,Grupo 4,5,206,5º Lugar
viradouro,Unidos do Viradouro,1988,RJ,Grupo 4,2,208,2º Lugar
viradouro,Unidos do Viradouro,1989,RJ,Grupo 3,1,214,Campeã
viradouro,Unidos do Viradouro,1990,RJ,Grupo 1,1,226,Campeã
viradouro,Unidos do Viradouro,1991,RJ,Grupo Especial,7,290.5,7º Lugar
viradouro,Unidos do Viradouro,1992,RJ,Grupo Especial,9,281.5,9º Lugar
viradouro,Unidos do Viradouro,1993,RJ,Grupo Especial,7,289,7º Lugar
viradouro,Unidos do Viradouro,1994,RJ,Grupo Especial,3,294.5,3º Lugar
viradouro,Unidos do Viradouro,1995,RJ,Grupo Especial,8,294.5,8º Lugar
viradouro,Unidos do Viradouro,1996,RJ,Grupo Especial,13,284.5,13º Lugar
viradouro,Unidos do Viradouro,1997,RJ,Grupo Especial,1,180,Campeã
viradouro,Unidos do Viradouro,1998,RJ,Grupo Especial,5,262.5,5º Lugar
viradouro,Unidos do Viradouro,1999,RJ,Grupo Especial,3,267.5,3º Lugar
viradouro,Unidos do Viradouro,2000,RJ,Grupo Especial,3,298,3º Lugar
viradouro,Unidos do Viradouro,2001,RJ,Grupo Especial,5,293,5º Lugar
viradouro,Unidos do Viradouro,2002,RJ,Grupo Especial,5,394.1,5º Lugar
viradouro,Unidos do Viradouro,2003,RJ,Grupo Especial,6,393.3,6º Lugar
viradouro,Unidos do Viradouro,2004,RJ,Grupo Especial,4,386.9,4º Lugar
viradouro,Unidos do Viradouro,2005,RJ,Grupo Especial,8,393.4,8º Lugar
viradouro,Unidos do Viradouro,2006,RJ,Grupo Especial,3,397.2,3º Lugar
viradouro,Unidos do Viradouro,2007,RJ,Grupo Especial,5,397.3,5º Lugar
viradouro,Unidos do Viradouro,2008,RJ,Grupo Especial,7,396,7º Lugar
viradouro,Unidos do Viradouro,2009,RJ,Grupo Especial,8,395.1,8º Lugar
viradouro,Unidos do Viradouro,2010,RJ,Grupo Especial,12,290.5,12º Lugar
viradouro,Unidos do Viradouro,2011,RJ,Grupo A,2,299,2º Lugar
viradouro,Unidos do Viradouro,2012,RJ,Grupo A,5,297.8,5º Lugar
viradouro,Unidos do Viradouro,2013,RJ,Série A,2,299.6,2º Lugar
viradouro,Unidos do Viradouro,2014,RJ,Série A,1,299.9,Campeã
viradouro,Unidos do Viradouro,2015,RJ,Grupo Especial,12,263.7,12º Lugar
viradouro,Unidos do Viradouro,2016,RJ,Série A,3,268.3,3º Lugar
viradouro,Unidos do Viradouro,2017,RJ,Série A,2,269.3,2º Lugar
viradouro,Unidos do Viradouro,2018,RJ,Série A,1,269.7,Campeã
viradouro,Unidos do Viradouro,2019,RJ,Grupo Especial,2,269.7,2º Lugar
viradouro,Unidos do Viradouro,2020,RJ,Grupo Especial,1,269.6,Campeã
viradouro,Unidos do Viradouro,2022,RJ,Grupo Especial,3,269.5,3º Lugar
viradouro,Unidos do Viradouro,2023,RJ,Grupo Especial,2,269.7,2º Lugar
viradouro,Unidos do Viradouro,2024,RJ,Grupo Especial,1,270,Campeã
viradouro,Unidos do Viradouro,2025,RJ,Grupo Especial,4,269.4,4º Lugar
viradouro,Unidos do Viradouro,2026,RJ,Grupo Especial,1,270,Campeã
x-9-paulistana,X-9 Paulistana,1987,SP,Grupo 3,1,93.00,Campeã
x-9-paulistana,X-9 Paulistana,1988,SP,Grupo 1,6,185.00,6º Lugar
x-9-paulistana,X-9 Paulistana,1989,SP,Grupo 1,3,187.00,3º Lugar
x-9-paulistana,X-9 Paulistana,1990,SP,Grupo 1,5,,5º Lugar
x-9-paulistana,X-9 Paulistana,1991,SP,Grupo 1,6,,6º Lugar
x-9-paulistana,X-9 Paulistana,1992,SP,Grupo 1,6,,6º Lugar
x-9-paulistana,X-9 Paulistana,1993,SP,Grupo 1,4,,4º Lugar
x-9-paulistana,X-9 Paulistana,1994,SP,Grupo 1,1,,Campeã
x-9-paulistana,X-9 Paulistana,1995,SP,Grupo Especial,5,287.50,5º Lugar
x-9-paulistana,X-9 Paulistana,1996,SP,Grupo Especial,7,282.50,7º Lugar
x-9-paulistana,X-9 Paulistana,1997,SP,Grupo Especial,1,299.50,Campeã
x-9-paulistana,X-9 Paulistana,1998,SP,Grupo Especial,9,271.50,9º Lugar
x-9-paulistana,X-9 Paulistana,1999,SP,Grupo Especial,4,294.50,4º Lugar
x-9-paulistana,X-9 Paulistana,2000,SP,Grupo Especial,1,199.50,Campeã
x-9-paulistana,X-9 Paulistana,2001,SP,Grupo Especial,5,198.50,5º Lugar
x-9-paulistana,X-9 Paulistana,2002,SP,Grupo Especial,10,194.00,10º Lugar
x-9-paulistana,X-9 Paulistana,2003,SP,Grupo Especial,3,199.00,3º Lugar
x-9-paulistana,X-9 Paulistana,2004,SP,Grupo Especial,2,199.50,2º Lugar
x-9-paulistana,X-9 Paulistana,2005,SP,Grupo Especial,2,296.50,2º Lugar
x-9-paulistana,X-9 Paulistana,2006,SP,Grupo Especial,6,296.75,6º Lugar
x-9-paulistana,X-9 Paulistana,2007,SP,Grupo Especial,10,290.50,10º Lugar
x-9-paulistana,X-9 Paulistana,2008,SP,Grupo Especial,6,88.75,6º Lugar
x-9-paulistana,X-9 Paulistana,2009,SP,Grupo Especial,6,355.50,6º Lugar
x-9-paulistana,X-9 Paulistana,2010,SP,Grupo Especial,9,268.00,9º Lugar
x-9-paulistana,X-9 Paulistana,2011,SP,Grupo Especial,10,267.50,10º Lugar
x-9-paulistana,X-9 Paulistana,2012,SP,Grupo Especial,10,159.1,10º Lugar
x-9-paulistana,X-9 Paulistana,2013,SP,Grupo Especial,10,268.0,10º Lugar
x-9-paulistana,X-9 Paulistana,2014,SP,Grupo Especial,11,268.0,11º Lugar
x-9-paulistana,X-9 Paulistana,2015,SP,Grupo Especial,11,,11º Lugar
x-9-paulistana,X-9 Paulistana,2016,SP,Grupo Especial,14,,14º Lugar
x-9-paulistana,X-9 Paulistana,2017,SP,Grupo de Acesso,1,,Campeã
x-9-paulistana,X-9 Paulistana,2018,SP,Grupo Especial,11,,11º Lugar
x-9-paulistana,X-9 Paulistana,2019,SP,Grupo Especial,10,,10º Lugar
x-9-paulistana,X-9 Paulistana,2020,SP,Grupo Especial,13,,13º Lugar
x-9-paulistana,X-9 Paulistana,2022,SP,Grupo de acesso 1,6,,6º Lugar
x-9-paulistana,X-9 Paulistana,2023,SP,Grupo de Acesso 1,7,,7º Lugar
x-9-paulistana,X-9 Paulistana,2024,SP,Grupo de Acesso 2,1,,Campeã
x-9-paulistana,X-9 Paulistana,2025,SP,Grupo de Acesso 1,7,,7º Lugar
x-9-paulistana,X-9 Paulistana,2026,SP,Grupo de Acesso 2,2,,2º Lugar
